/*
Navicat MySQL Data Transfer

Source Server         : aliyun
Source Server Version : 50732
Source Host           : 47.93.225.64:3306
Source Database       : tsy_pms

Target Server Type    : MYSQL
Target Server Version : 50732
File Encoding         : 65001

Date: 2021-01-29 15:05:14
*/

SET FOREIGN_KEY_CHECKS=0;

-- ----------------------------
-- Table structure for `area_point`
-- ----------------------------
DROP TABLE IF EXISTS `area_point`;
CREATE TABLE `area_point` (
  `project_id` bigint(20) DEFAULT NULL COMMENT '项目编号',
  `marea_id` bigint(20) NOT NULL COMMENT '监测域编号',
  `mpoint_id` bigint(20) NOT NULL COMMENT '监测点编号',
  `ap_id` bigint(20) NOT NULL,
  PRIMARY KEY (`ap_id`)
) ENGINE=InnoDB DEFAULT CHARSET=utf8mb4;

-- ----------------------------
-- Records of area_point
-- ----------------------------
INSERT INTO `area_point` VALUES ('1353566171617562626', '1354076079433748482', '1354077721210179585', '1354079545594073090');
INSERT INTO `area_point` VALUES ('1353566171617562626', '1354076079433748482', '1354077721554112513', '1354079545933811713');
INSERT INTO `area_point` VALUES ('1353566171617562626', '1354076079433748482', '1354077721898045442', '1354079546281938946');
INSERT INTO `area_point` VALUES ('1353566171617562626', '1354076079433748482', '1354077726310453250', '1354079546621677570');
INSERT INTO `area_point` VALUES ('1353566171617562626', '1354076079433748482', '1354077727673602049', '1354079546957221889');
INSERT INTO `area_point` VALUES ('1353566171617562626', '1354076079433748482', '1354077730391511041', '1354079547292766210');
INSERT INTO `area_point` VALUES ('1353566171617562626', '1354076079433748482', '1354077731733688322', '1354079547636699138');
INSERT INTO `area_point` VALUES ('1353566171617562626', '1354078257464479745', '1354077721210179585', '1354079548152598530');
INSERT INTO `area_point` VALUES ('1353566171617562626', '1354078257464479745', '1354077721554112513', '1354079548483948545');
INSERT INTO `area_point` VALUES ('1353566171617562626', '1354078257464479745', '1354077721898045442', '1354079548811104257');
INSERT INTO `area_point` VALUES ('1353566171617562626', '1354078257464479745', '1354077726310453250', '1354079549146648577');
INSERT INTO `area_point` VALUES ('1353566171617562626', '1354078257464479745', '1354077727673602049', '1354079549482192898');
INSERT INTO `area_point` VALUES ('1353566171617562626', '1354078257464479745', '1354077730391511041', '1354079549821931522');
INSERT INTO `area_point` VALUES ('1353566171617562626', '1354078257464479745', '1354077731733688322', '1354079550165864450');
INSERT INTO `area_point` VALUES ('1353566007351840770', '1354078258290757634', '1354077720836886530', '1354079550681763842');
INSERT INTO `area_point` VALUES ('1353566007351840770', '1354078258290757634', '1354077724615954433', '1354079551013113857');
INSERT INTO `area_point` VALUES ('1353566007351840770', '1354078258290757634', '1354077730051772417', '1354079551352852482');
INSERT INTO `area_point` VALUES ('1353566007351840770', '1354078258290757634', '1354077738130001922', '1354079551684202497');
INSERT INTO `area_point` VALUES ('1353565909800718337', '1354078259129618434', '1354077722229395457', '1354079552187518977');
INSERT INTO `area_point` VALUES ('1353565909800718337', '1354078259129618434', '1354077722917261313', '1354079552514674690');
INSERT INTO `area_point` VALUES ('1353565909800718337', '1354078259129618434', '1354077723248611330', '1354079552850219010');
INSERT INTO `area_point` VALUES ('1353565909800718337', '1354078259129618434', '1354077728713789442', '1354079553181569025');
INSERT INTO `area_point` VALUES ('1353565909800718337', '1354078259129618434', '1354077732408971266', '1354079553512919041');
INSERT INTO `area_point` VALUES ('1353565909800718337', '1354078259129618434', '1354077735105908737', '1354079553844269058');
INSERT INTO `area_point` VALUES ('1353566007351840770', '1354078259930730498', '1354077720836886530', '1354079554351779841');
INSERT INTO `area_point` VALUES ('1353566007351840770', '1354078259930730498', '1354077724615954433', '1354079554683129857');
INSERT INTO `area_point` VALUES ('1353566007351840770', '1354078259930730498', '1354077730051772417', '1354079555014479874');
INSERT INTO `area_point` VALUES ('1353566007351840770', '1354078259930730498', '1354077738130001922', '1354079555358412801');
INSERT INTO `area_point` VALUES ('1353566232539828225', '1354078261956579330', '1354077724959887361', '1354353438481219586');
INSERT INTO `area_point` VALUES ('1353566171617562626', '1354076079433748482', '1354077721210179585', '1354448706039980033');
INSERT INTO `area_point` VALUES ('1353566171617562626', '1354076079433748482', '1354077721554112513', '1354448706383912961');
INSERT INTO `area_point` VALUES ('1353566171617562626', '1354076079433748482', '1354077721898045442', '1354448706732040193');
INSERT INTO `area_point` VALUES ('1353566171617562626', '1354076079433748482', '1354077726310453250', '1354448707075973121');
INSERT INTO `area_point` VALUES ('1353566171617562626', '1354076079433748482', '1354077727673602049', '1354448707424100354');
INSERT INTO `area_point` VALUES ('1353566171617562626', '1354076079433748482', '1354077730391511041', '1354448707759644674');
INSERT INTO `area_point` VALUES ('1353566171617562626', '1354076079433748482', '1354077731733688322', '1354448708107771906');
INSERT INTO `area_point` VALUES ('1353566171617562626', '1354076079433748482', '1354077733084254209', '1354448708451704834');
INSERT INTO `area_point` VALUES ('1353566171617562626', '1354076079433748482', '1354077738796896257', '1354448708799832065');
INSERT INTO `area_point` VALUES ('1353566171617562626', '1354076079433748482', '1354077740810162178', '1354448709139570689');
INSERT INTO `area_point` VALUES ('1353566171617562626', '1354076079433748482', '1354077742517243905', '1354448709483503617');
INSERT INTO `area_point` VALUES ('1353566171617562626', '1354076079433748482', '1354077742852788226', '1354448709823242242');
INSERT INTO `area_point` VALUES ('1353566171617562626', '1354076079433748482', '1354077743188332546', '1354448710167175169');
INSERT INTO `area_point` VALUES ('1353566171617562626', '1354076079433748482', '1354077744916385794', '1354448710515302402');
INSERT INTO `area_point` VALUES ('1353566171617562626', '1354076079433748482', '1354077746938040321', '1354448710859235330');
INSERT INTO `area_point` VALUES ('1353566171617562626', '1354076079433748482', '1354077750352203777', '1354448711207362561');
INSERT INTO `area_point` VALUES ('1353566171617562626', '1354076079433748482', '1354077753082695682', '1354448711551295490');
INSERT INTO `area_point` VALUES ('1353566171617562626', '1354076079433748482', '1354077754756222977', '1354448711891034113');
INSERT INTO `area_point` VALUES ('1353566171617562626', '1354076079433748482', '1354077755427311618', '1354448712234967042');
INSERT INTO `area_point` VALUES ('1353566171617562626', '1354076079433748482', '1354077756098400257', '1354448712583094274');
INSERT INTO `area_point` VALUES ('1353566171617562626', '1354076079433748482', '1354077759130882049', '1354448712918638593');
INSERT INTO `area_point` VALUES ('1353566171617562626', '1354076079433748482', '1354077761479692289', '1354448713262571522');
INSERT INTO `area_point` VALUES ('1353566171617562626', '1354076079433748482', '1354077763845279746', '1354448713606504450');
INSERT INTO `area_point` VALUES ('1353566171617562626', '1354078257464479745', '1354077721210179585', '1354448714151763969');
INSERT INTO `area_point` VALUES ('1353566171617562626', '1354078257464479745', '1354077721554112513', '1354448714495696898');
INSERT INTO `area_point` VALUES ('1353566171617562626', '1354078257464479745', '1354077721898045442', '1354448714839629825');
INSERT INTO `area_point` VALUES ('1353566171617562626', '1354078257464479745', '1354077726310453250', '1354448715187757058');
INSERT INTO `area_point` VALUES ('1353566171617562626', '1354078257464479745', '1354077727673602049', '1354448715523301377');
INSERT INTO `area_point` VALUES ('1353566171617562626', '1354078257464479745', '1354077730391511041', '1354448715875622913');
INSERT INTO `area_point` VALUES ('1353566171617562626', '1354078257464479745', '1354077731733688322', '1354448716215361537');
INSERT INTO `area_point` VALUES ('1353566171617562626', '1354078257464479745', '1354077733084254209', '1354448716559294466');
INSERT INTO `area_point` VALUES ('1353566171617562626', '1354078257464479745', '1354077738796896257', '1354448716903227394');
INSERT INTO `area_point` VALUES ('1353566171617562626', '1354078257464479745', '1354077740810162178', '1354448717242966018');
INSERT INTO `area_point` VALUES ('1353566171617562626', '1354078257464479745', '1354077742517243905', '1354448717586898946');
INSERT INTO `area_point` VALUES ('1353566171617562626', '1354078257464479745', '1354077742852788226', '1354448717926637570');
INSERT INTO `area_point` VALUES ('1353566171617562626', '1354078257464479745', '1354077743188332546', '1354448718274764801');
INSERT INTO `area_point` VALUES ('1353566171617562626', '1354078257464479745', '1354077744916385794', '1354448718622892033');
INSERT INTO `area_point` VALUES ('1353566171617562626', '1354078257464479745', '1354077746938040321', '1354448718975213569');
INSERT INTO `area_point` VALUES ('1353566171617562626', '1354078257464479745', '1354077750352203777', '1354448719314952193');
INSERT INTO `area_point` VALUES ('1353566171617562626', '1354078257464479745', '1354077753082695682', '1354448719658885122');
INSERT INTO `area_point` VALUES ('1353566171617562626', '1354078257464479745', '1354077754756222977', '1354448719998623745');
INSERT INTO `area_point` VALUES ('1353566171617562626', '1354078257464479745', '1354077755427311618', '1354448720346750978');
INSERT INTO `area_point` VALUES ('1353566171617562626', '1354078257464479745', '1354077756098400257', '1354448720686489601');
INSERT INTO `area_point` VALUES ('1353566171617562626', '1354078257464479745', '1354077759130882049', '1354448721026228225');
INSERT INTO `area_point` VALUES ('1353566171617562626', '1354078257464479745', '1354077761479692289', '1354448721370161153');
INSERT INTO `area_point` VALUES ('1353566171617562626', '1354078257464479745', '1354077763845279746', '1354448721714094081');
INSERT INTO `area_point` VALUES ('1353566007351840770', '1354078258290757634', '1354077720836886530', '1354448722234187778');
INSERT INTO `area_point` VALUES ('1353566007351840770', '1354078258290757634', '1354077724615954433', '1354448722582315009');
INSERT INTO `area_point` VALUES ('1353566007351840770', '1354078258290757634', '1354077730051772417', '1354448722922053634');
INSERT INTO `area_point` VALUES ('1353566007351840770', '1354078258290757634', '1354077738130001922', '1354448723265986561');
INSERT INTO `area_point` VALUES ('1353566007351840770', '1354078258290757634', '1354077741145706498', '1354448723605725186');
INSERT INTO `area_point` VALUES ('1353566007351840770', '1354078258290757634', '1354077743846838273', '1354448723953852418');
INSERT INTO `area_point` VALUES ('1353566007351840770', '1354078258290757634', '1354077745591668737', '1354448724293591041');
INSERT INTO `area_point` VALUES ('1353566007351840770', '1354078258290757634', '1354077746602496002', '1354448724641718274');
INSERT INTO `area_point` VALUES ('1353566007351840770', '1354078258290757634', '1354077747600740354', '1354448724989845505');
INSERT INTO `area_point` VALUES ('1353566007351840770', '1354078258290757634', '1354077751379808257', '1354448725329584129');
INSERT INTO `area_point` VALUES ('1353566007351840770', '1354078258290757634', '1354077752411607042', '1354448725669322754');
INSERT INTO `area_point` VALUES ('1353566007351840770', '1354078258290757634', '1354077757436383233', '1354448726013255681');
INSERT INTO `area_point` VALUES ('1353566007351840770', '1354078258290757634', '1354077764520562690', '1354448726361382913');
INSERT INTO `area_point` VALUES ('1353566007351840770', '1354078258290757634', '1354077766860984322', '1354448726705315842');
INSERT INTO `area_point` VALUES ('1353565909800718337', '1354078259129618434', '1354077722229395457', '1354448727233798145');
INSERT INTO `area_point` VALUES ('1353565909800718337', '1354078259129618434', '1354077722917261313', '1354448727577731073');
INSERT INTO `area_point` VALUES ('1353565909800718337', '1354078259129618434', '1354077723248611330', '1354448727925858305');
INSERT INTO `area_point` VALUES ('1353565909800718337', '1354078259129618434', '1354077728713789442', '1354448728265596929');
INSERT INTO `area_point` VALUES ('1353565909800718337', '1354078259129618434', '1354077732408971266', '1354448728613724161');
INSERT INTO `area_point` VALUES ('1353565909800718337', '1354078259129618434', '1354077735105908737', '1354448728961851393');
INSERT INTO `area_point` VALUES ('1353565909800718337', '1354078259129618434', '1354077738461351938', '1354448729297395713');
INSERT INTO `area_point` VALUES ('1353565909800718337', '1354078259129618434', '1354077748607373314', '1354448729645522946');
INSERT INTO `area_point` VALUES ('1353565909800718337', '1354078259129618434', '1354077750708719617', '1354448729989455873');
INSERT INTO `area_point` VALUES ('1353565909800718337', '1354078259129618434', '1354077752076062721', '1354448730333388801');
INSERT INTO `area_point` VALUES ('1353565909800718337', '1354078259129618434', '1354077752747151362', '1354448730681516033');
INSERT INTO `area_point` VALUES ('1353565909800718337', '1354078259129618434', '1354077753757978625', '1354448731021254657');
INSERT INTO `area_point` VALUES ('1353565909800718337', '1354078259129618434', '1354077754424872961', '1354448731360993281');
INSERT INTO `area_point` VALUES ('1353565909800718337', '1354078259129618434', '1354077755091767297', '1354448731709120513');
INSERT INTO `area_point` VALUES ('1353565909800718337', '1354078259129618434', '1354077761827819521', '1354448732048859137');
INSERT INTO `area_point` VALUES ('1353565909800718337', '1354078259129618434', '1354077763505541121', '1354448732401180674');
INSERT INTO `area_point` VALUES ('1353565909800718337', '1354078259129618434', '1354077765854351362', '1354448732745113601');
INSERT INTO `area_point` VALUES ('1353565909800718337', '1354078259129618434', '1354077772208721921', '1354448733084852226');
INSERT INTO `area_point` VALUES ('1353565909800718337', '1354078259129618434', '1354077772875616257', '1354448733428785154');
INSERT INTO `area_point` VALUES ('1353565909800718337', '1354078259129618434', '1354077775216037890', '1354448733776912385');
INSERT INTO `area_point` VALUES ('1353565909800718337', '1354078259129618434', '1354077776218476545', '1354448734116651009');
INSERT INTO `area_point` VALUES ('1353566007351840770', '1354078259930730498', '1354077720836886530', '1354448734653521921');
INSERT INTO `area_point` VALUES ('1353566007351840770', '1354078259930730498', '1354077724615954433', '1354448734989066241');
INSERT INTO `area_point` VALUES ('1353566007351840770', '1354078259930730498', '1354077730051772417', '1354448735337193474');
INSERT INTO `area_point` VALUES ('1353566007351840770', '1354078259930730498', '1354077738130001922', '1354448735681126401');
INSERT INTO `area_point` VALUES ('1353566007351840770', '1354078259930730498', '1354077741145706498', '1354448736020865025');
INSERT INTO `area_point` VALUES ('1353566007351840770', '1354078259930730498', '1354077743846838273', '1354448736364797953');
INSERT INTO `area_point` VALUES ('1353566007351840770', '1354078259930730498', '1354077745591668737', '1354448736708730882');
INSERT INTO `area_point` VALUES ('1353566007351840770', '1354078259930730498', '1354077746602496002', '1354448737052663810');
INSERT INTO `area_point` VALUES ('1353566007351840770', '1354078259930730498', '1354077747600740354', '1354448737392402433');
INSERT INTO `area_point` VALUES ('1353566007351840770', '1354078259930730498', '1354077751379808257', '1354448737736335361');
INSERT INTO `area_point` VALUES ('1353566007351840770', '1354078259930730498', '1354077752411607042', '1354448738071879681');
INSERT INTO `area_point` VALUES ('1353566007351840770', '1354078259930730498', '1354077757436383233', '1354448738424201217');
INSERT INTO `area_point` VALUES ('1353566007351840770', '1354078259930730498', '1354077764520562690', '1354448738768134146');
INSERT INTO `area_point` VALUES ('1353566007351840770', '1354078259930730498', '1354077766860984322', '1354448739112067073');
INSERT INTO `area_point` VALUES ('1353566171617562626', '1354076079433748482', '1354077721210179585', '1354449460679200770');
INSERT INTO `area_point` VALUES ('1353566171617562626', '1354076079433748482', '1354077721554112513', '1354449461065076738');
INSERT INTO `area_point` VALUES ('1353566171617562626', '1354076079433748482', '1354077721898045442', '1354449461450952706');
INSERT INTO `area_point` VALUES ('1353566171617562626', '1354076079433748482', '1354077726310453250', '1354449461841022977');
INSERT INTO `area_point` VALUES ('1353566171617562626', '1354076079433748482', '1354077727673602049', '1354449462231093249');
INSERT INTO `area_point` VALUES ('1353566171617562626', '1354076079433748482', '1354077730391511041', '1354449462616969217');
INSERT INTO `area_point` VALUES ('1353566171617562626', '1354076079433748482', '1354077731733688322', '1354449463011233793');
INSERT INTO `area_point` VALUES ('1353566171617562626', '1354076079433748482', '1354077733084254209', '1354449463392915457');
INSERT INTO `area_point` VALUES ('1353566171617562626', '1354076079433748482', '1354077738796896257', '1354449463787180033');
INSERT INTO `area_point` VALUES ('1353566171617562626', '1354076079433748482', '1354077740810162178', '1354449464164667393');
INSERT INTO `area_point` VALUES ('1353566171617562626', '1354076079433748482', '1354077742517243905', '1354449464554737666');
INSERT INTO `area_point` VALUES ('1353566171617562626', '1354076079433748482', '1354077742852788226', '1354449464936419330');
INSERT INTO `area_point` VALUES ('1353566171617562626', '1354076079433748482', '1354077743188332546', '1354449465322295297');
INSERT INTO `area_point` VALUES ('1353566171617562626', '1354076079433748482', '1354077744916385794', '1354449465712365569');
INSERT INTO `area_point` VALUES ('1353566171617562626', '1354076079433748482', '1354077746938040321', '1354449466081464321');
INSERT INTO `area_point` VALUES ('1353566171617562626', '1354076079433748482', '1354077750352203777', '1354449466488311810');
INSERT INTO `area_point` VALUES ('1353566171617562626', '1354076079433748482', '1354077753082695682', '1354449466882576386');
INSERT INTO `area_point` VALUES ('1353566171617562626', '1354076079433748482', '1354077754756222977', '1354449467268452354');
INSERT INTO `area_point` VALUES ('1353566171617562626', '1354076079433748482', '1354077755427311618', '1354449467650134018');
INSERT INTO `area_point` VALUES ('1353566171617562626', '1354076079433748482', '1354077756098400257', '1354449468040204290');
INSERT INTO `area_point` VALUES ('1353566171617562626', '1354076079433748482', '1354077759130882049', '1354449468426080257');
INSERT INTO `area_point` VALUES ('1353566171617562626', '1354076079433748482', '1354077761479692289', '1354449468811956225');
INSERT INTO `area_point` VALUES ('1353566171617562626', '1354076079433748482', '1354077763845279746', '1354449469189443586');
INSERT INTO `area_point` VALUES ('1353566171617562626', '1354076079433748482', '1354077766525440002', '1354449469575319553');
INSERT INTO `area_point` VALUES ('1353566171617562626', '1354076079433748482', '1354077770199650306', '1354449469965389826');
INSERT INTO `area_point` VALUES ('1353566171617562626', '1354076079433748482', '1354077770874933250', '1354449470347071490');
INSERT INTO `area_point` VALUES ('1353566171617562626', '1354076079433748482', '1354077771206283265', '1354449470732947457');
INSERT INTO `area_point` VALUES ('1353566171617562626', '1354076079433748482', '1354077771868983298', '1354449471123017729');
INSERT INTO `area_point` VALUES ('1353566171617562626', '1354076079433748482', '1354077773211160578', '1354449471504699394');
INSERT INTO `area_point` VALUES ('1353566171617562626', '1354076079433748482', '1354077776881176578', '1354449471894769665');
INSERT INTO `area_point` VALUES ('1353566171617562626', '1354076079433748482', '1354077789912879105', '1354449472276451330');
INSERT INTO `area_point` VALUES ('1353566171617562626', '1354078257464479745', '1354077721210179585', '1354449472913985537');
INSERT INTO `area_point` VALUES ('1353566171617562626', '1354078257464479745', '1354077721554112513', '1354449473308250114');
INSERT INTO `area_point` VALUES ('1353566171617562626', '1354078257464479745', '1354077721898045442', '1354449473689931777');
INSERT INTO `area_point` VALUES ('1353566171617562626', '1354078257464479745', '1354077726310453250', '1354449474075807746');
INSERT INTO `area_point` VALUES ('1353566171617562626', '1354078257464479745', '1354077727673602049', '1354449474457489410');
INSERT INTO `area_point` VALUES ('1353566171617562626', '1354078257464479745', '1354077730391511041', '1354449474843365377');
INSERT INTO `area_point` VALUES ('1353566171617562626', '1354078257464479745', '1354077731733688322', '1354449475225047041');
INSERT INTO `area_point` VALUES ('1353566171617562626', '1354078257464479745', '1354077733084254209', '1354449475602534401');
INSERT INTO `area_point` VALUES ('1353566171617562626', '1354078257464479745', '1354077738796896257', '1354449475992604673');
INSERT INTO `area_point` VALUES ('1353566171617562626', '1354078257464479745', '1354077740810162178', '1354449476378480641');
INSERT INTO `area_point` VALUES ('1353566171617562626', '1354078257464479745', '1354077742517243905', '1354449476764356609');
INSERT INTO `area_point` VALUES ('1353566171617562626', '1354078257464479745', '1354077742852788226', '1354449477150232577');
INSERT INTO `area_point` VALUES ('1353566171617562626', '1354078257464479745', '1354077743188332546', '1354449477536108546');
INSERT INTO `area_point` VALUES ('1353566171617562626', '1354078257464479745', '1354077744916385794', '1354449477917790209');
INSERT INTO `area_point` VALUES ('1353566171617562626', '1354078257464479745', '1354077746938040321', '1354449478299471873');
INSERT INTO `area_point` VALUES ('1353566171617562626', '1354078257464479745', '1354077750352203777', '1354449478685347842');
INSERT INTO `area_point` VALUES ('1353566171617562626', '1354078257464479745', '1354077753082695682', '1354449479067029506');
INSERT INTO `area_point` VALUES ('1353566171617562626', '1354078257464479745', '1354077754756222977', '1354449479448711170');
INSERT INTO `area_point` VALUES ('1353566171617562626', '1354078257464479745', '1354077755427311618', '1354449479834587138');
INSERT INTO `area_point` VALUES ('1353566171617562626', '1354078257464479745', '1354077756098400257', '1354449480216268801');
INSERT INTO `area_point` VALUES ('1353566171617562626', '1354078257464479745', '1354077759130882049', '1354449480602144770');
INSERT INTO `area_point` VALUES ('1353566171617562626', '1354078257464479745', '1354077761479692289', '1354449480975437826');
INSERT INTO `area_point` VALUES ('1353566171617562626', '1354078257464479745', '1354077763845279746', '1354449481361313793');
INSERT INTO `area_point` VALUES ('1353566171617562626', '1354078257464479745', '1354077766525440002', '1354449481747189762');
INSERT INTO `area_point` VALUES ('1353566171617562626', '1354078257464479745', '1354077770199650306', '1354449482128871425');
INSERT INTO `area_point` VALUES ('1353566171617562626', '1354078257464479745', '1354077770874933250', '1354449482514747394');
INSERT INTO `area_point` VALUES ('1353566171617562626', '1354078257464479745', '1354077771206283265', '1354449482896429057');
INSERT INTO `area_point` VALUES ('1353566171617562626', '1354078257464479745', '1354077771868983298', '1354449483282305026');
INSERT INTO `area_point` VALUES ('1353566171617562626', '1354078257464479745', '1354077773211160578', '1354449483668180993');
INSERT INTO `area_point` VALUES ('1353566171617562626', '1354078257464479745', '1354077776881176578', '1354449484049862657');
INSERT INTO `area_point` VALUES ('1353566171617562626', '1354078257464479745', '1354077789912879105', '1354449484431544322');
INSERT INTO `area_point` VALUES ('1353566007351840770', '1354078258290757634', '1354077720836886530', '1354449485018746881');
INSERT INTO `area_point` VALUES ('1353566007351840770', '1354078258290757634', '1354077724615954433', '1354449485408817153');
INSERT INTO `area_point` VALUES ('1353566007351840770', '1354078258290757634', '1354077730051772417', '1354449485786304514');
INSERT INTO `area_point` VALUES ('1353566007351840770', '1354078258290757634', '1354077738130001922', '1354449486172180481');
INSERT INTO `area_point` VALUES ('1353566007351840770', '1354078258290757634', '1354077741145706498', '1354449486553862146');
INSERT INTO `area_point` VALUES ('1353566007351840770', '1354078258290757634', '1354077743846838273', '1354449486939738113');
INSERT INTO `area_point` VALUES ('1353566007351840770', '1354078258290757634', '1354077745591668737', '1354449487325614081');
INSERT INTO `area_point` VALUES ('1353566007351840770', '1354078258290757634', '1354077746602496002', '1354449487703101441');
INSERT INTO `area_point` VALUES ('1353566007351840770', '1354078258290757634', '1354077747600740354', '1354449488088977409');
INSERT INTO `area_point` VALUES ('1353566007351840770', '1354078258290757634', '1354077751379808257', '1354449488474853378');
INSERT INTO `area_point` VALUES ('1353566007351840770', '1354078258290757634', '1354077752411607042', '1354449488856535041');
INSERT INTO `area_point` VALUES ('1353566007351840770', '1354078258290757634', '1354077757436383233', '1354449489242411010');
INSERT INTO `area_point` VALUES ('1353566007351840770', '1354078258290757634', '1354077764520562690', '1354449489628286978');
INSERT INTO `area_point` VALUES ('1353566007351840770', '1354078258290757634', '1354077766860984322', '1354449490005774338');
INSERT INTO `area_point` VALUES ('1353566007351840770', '1354078258290757634', '1354077767527878657', '1354449490387456002');
INSERT INTO `area_point` VALUES ('1353566007351840770', '1354078258290757634', '1354077770535194625', '1354449490773331970');
INSERT INTO `area_point` VALUES ('1353566007351840770', '1354078258290757634', '1354077772540071938', '1354449491163402242');
INSERT INTO `area_point` VALUES ('1353566007351840770', '1354078258290757634', '1354077773538316290', '1354449491545083905');
INSERT INTO `area_point` VALUES ('1353566007351840770', '1354078258290757634', '1354077779884298241', '1354449491922571266');
INSERT INTO `area_point` VALUES ('1353566007351840770', '1354078258290757634', '1354077780219842561', '1354449492308447234');
INSERT INTO `area_point` VALUES ('1353566007351840770', '1354078258290757634', '1354077782224719874', '1354449492694323201');
INSERT INTO `area_point` VALUES ('1353565909800718337', '1354078259129618434', '1354077722229395457', '1354449493285720065');
INSERT INTO `area_point` VALUES ('1353565909800718337', '1354078259129618434', '1354077722917261313', '1354449493663207425');
INSERT INTO `area_point` VALUES ('1353565909800718337', '1354078259129618434', '1354077723248611330', '1354449494049083394');
INSERT INTO `area_point` VALUES ('1353565909800718337', '1354078259129618434', '1354077728713789442', '1354449494439153666');
INSERT INTO `area_point` VALUES ('1353565909800718337', '1354078259129618434', '1354077732408971266', '1354449494820835329');
INSERT INTO `area_point` VALUES ('1353565909800718337', '1354078259129618434', '1354077735105908737', '1354449495198322690');
INSERT INTO `area_point` VALUES ('1353565909800718337', '1354078259129618434', '1354077738461351938', '1354449495584198657');
INSERT INTO `area_point` VALUES ('1353565909800718337', '1354078259129618434', '1354077748607373314', '1354449495970074625');
INSERT INTO `area_point` VALUES ('1353565909800718337', '1354078259129618434', '1354077750708719617', '1354449496351756289');
INSERT INTO `area_point` VALUES ('1353565909800718337', '1354078259129618434', '1354077752076062721', '1354449496737632258');
INSERT INTO `area_point` VALUES ('1353565909800718337', '1354078259129618434', '1354077752747151362', '1354449497123508226');
INSERT INTO `area_point` VALUES ('1353565909800718337', '1354078259129618434', '1354077753757978625', '1354449497509384194');
INSERT INTO `area_point` VALUES ('1353565909800718337', '1354078259129618434', '1354077754424872961', '1354449497886871554');
INSERT INTO `area_point` VALUES ('1353565909800718337', '1354078259129618434', '1354077755091767297', '1354449498272747521');
INSERT INTO `area_point` VALUES ('1353565909800718337', '1354078259129618434', '1354077761827819521', '1354449498658623490');
INSERT INTO `area_point` VALUES ('1353565909800718337', '1354078259129618434', '1354077763505541121', '1354449499044499457');
INSERT INTO `area_point` VALUES ('1353565909800718337', '1354078259129618434', '1354077765854351362', '1354449499421986818');
INSERT INTO `area_point` VALUES ('1353565909800718337', '1354078259129618434', '1354077772208721921', '1354449499812057090');
INSERT INTO `area_point` VALUES ('1353565909800718337', '1354078259129618434', '1354077772875616257', '1354449500189544450');
INSERT INTO `area_point` VALUES ('1353565909800718337', '1354078259129618434', '1354077775216037890', '1354449500571226114');
INSERT INTO `area_point` VALUES ('1353565909800718337', '1354078259129618434', '1354077776218476545', '1354449500961296386');
INSERT INTO `area_point` VALUES ('1353565909800718337', '1354078259129618434', '1354077776549826561', '1354449501342978049');
INSERT INTO `area_point` VALUES ('1353565909800718337', '1354078259129618434', '1354077777883615234', '1354449501728854018');
INSERT INTO `area_point` VALUES ('1353565909800718337', '1354078259129618434', '1354077778214965250', '1354449502110535681');
INSERT INTO `area_point` VALUES ('1353565909800718337', '1354078259129618434', '1354077778550509570', '1354449502496411650');
INSERT INTO `area_point` VALUES ('1353565909800718337', '1354078259129618434', '1354077779217403905', '1354449502878093314');
INSERT INTO `area_point` VALUES ('1353565909800718337', '1354078259129618434', '1354077782891614210', '1354449503263969281');
INSERT INTO `area_point` VALUES ('1353565909800718337', '1354078259129618434', '1354077783554314242', '1354449503649845250');
INSERT INTO `area_point` VALUES ('1353565909800718337', '1354078259129618434', '1354077784888102913', '1354449504035721217');
INSERT INTO `area_point` VALUES ('1353565909800718337', '1354078259129618434', '1354077785227841538', '1354449504417402881');
INSERT INTO `area_point` VALUES ('1353566007351840770', '1354078259930730498', '1354077720836886530', '1354449505004605441');
INSERT INTO `area_point` VALUES ('1353566007351840770', '1354078259930730498', '1354077724615954433', '1354449505386287106');
INSERT INTO `area_point` VALUES ('1353566007351840770', '1354078259930730498', '1354077730051772417', '1354449505767968770');
INSERT INTO `area_point` VALUES ('1353566007351840770', '1354078259930730498', '1354077738130001922', '1354449506149650433');
INSERT INTO `area_point` VALUES ('1353566007351840770', '1354078259930730498', '1354077741145706498', '1354449506535526401');
INSERT INTO `area_point` VALUES ('1353566007351840770', '1354078259930730498', '1354077743846838273', '1354449506913013761');
INSERT INTO `area_point` VALUES ('1353566007351840770', '1354078259930730498', '1354077745591668737', '1354449507298889730');
INSERT INTO `area_point` VALUES ('1353566007351840770', '1354078259930730498', '1354077746602496002', '1354449507680571394');
INSERT INTO `area_point` VALUES ('1353566007351840770', '1354078259930730498', '1354077747600740354', '1354449508066447361');
INSERT INTO `area_point` VALUES ('1353566007351840770', '1354078259930730498', '1354077751379808257', '1354449508452323330');
INSERT INTO `area_point` VALUES ('1353566007351840770', '1354078259930730498', '1354077752411607042', '1354449508829810689');
INSERT INTO `area_point` VALUES ('1353566007351840770', '1354078259930730498', '1354077757436383233', '1354449509211492353');
INSERT INTO `area_point` VALUES ('1353566007351840770', '1354078259930730498', '1354077764520562690', '1354449509601562625');
INSERT INTO `area_point` VALUES ('1353566007351840770', '1354078259930730498', '1354077766860984322', '1354449509983244289');
INSERT INTO `area_point` VALUES ('1353566007351840770', '1354078259930730498', '1354077767527878657', '1354449510360731649');
INSERT INTO `area_point` VALUES ('1353566007351840770', '1354078259930730498', '1354077770535194625', '1354449510750801922');
INSERT INTO `area_point` VALUES ('1353566007351840770', '1354078259930730498', '1354077772540071938', '1354449511132483585');
INSERT INTO `area_point` VALUES ('1353566007351840770', '1354078259930730498', '1354077773538316290', '1354449511514165249');
INSERT INTO `area_point` VALUES ('1353566007351840770', '1354078259930730498', '1354077779884298241', '1354449511891652610');
INSERT INTO `area_point` VALUES ('1353566007351840770', '1354078259930730498', '1354077780219842561', '1354449512273334274');
INSERT INTO `area_point` VALUES ('1353566007351840770', '1354078259930730498', '1354077782224719874', '1354449512659210241');

-- ----------------------------
-- Table structure for `location`
-- ----------------------------
DROP TABLE IF EXISTS `location`;
CREATE TABLE `location` (
  `location_id` bigint(20) unsigned zerofill NOT NULL AUTO_INCREMENT,
  `location_level` int(11) NOT NULL,
  `location_name` varchar(50) NOT NULL,
  `location_pid` bigint(20) NOT NULL,
  PRIMARY KEY (`location_id`) USING BTREE
) ENGINE=InnoDB AUTO_INCREMENT=1189 DEFAULT CHARSET=utf8mb4 ROW_FORMAT=DYNAMIC;

-- ----------------------------
-- Records of location
-- ----------------------------
INSERT INTO `location` VALUES ('00000000000000000815', '1', '直辖市', '0');
INSERT INTO `location` VALUES ('00000000000000000816', '1', '河北', '0');
INSERT INTO `location` VALUES ('00000000000000000817', '1', '山西', '0');
INSERT INTO `location` VALUES ('00000000000000000818', '1', '辽宁', '0');
INSERT INTO `location` VALUES ('00000000000000000819', '1', '吉林', '0');
INSERT INTO `location` VALUES ('00000000000000000820', '1', '黑龙江', '0');
INSERT INTO `location` VALUES ('00000000000000000821', '1', '江苏', '0');
INSERT INTO `location` VALUES ('00000000000000000822', '1', '浙江', '0');
INSERT INTO `location` VALUES ('00000000000000000823', '1', '安徽', '0');
INSERT INTO `location` VALUES ('00000000000000000824', '1', '福建', '0');
INSERT INTO `location` VALUES ('00000000000000000825', '1', '江西', '0');
INSERT INTO `location` VALUES ('00000000000000000826', '1', '山东', '0');
INSERT INTO `location` VALUES ('00000000000000000827', '1', '河南', '0');
INSERT INTO `location` VALUES ('00000000000000000828', '1', '湖北', '0');
INSERT INTO `location` VALUES ('00000000000000000829', '1', '湖南', '0');
INSERT INTO `location` VALUES ('00000000000000000830', '1', '广东', '0');
INSERT INTO `location` VALUES ('00000000000000000831', '1', '海南', '0');
INSERT INTO `location` VALUES ('00000000000000000832', '1', '四川', '0');
INSERT INTO `location` VALUES ('00000000000000000833', '1', '贵州', '0');
INSERT INTO `location` VALUES ('00000000000000000834', '1', '云南', '0');
INSERT INTO `location` VALUES ('00000000000000000835', '1', '陕西', '0');
INSERT INTO `location` VALUES ('00000000000000000836', '1', '甘肃', '0');
INSERT INTO `location` VALUES ('00000000000000000837', '1', '青海', '0');
INSERT INTO `location` VALUES ('00000000000000000838', '1', '内蒙古', '0');
INSERT INTO `location` VALUES ('00000000000000000839', '1', '广西', '0');
INSERT INTO `location` VALUES ('00000000000000000840', '1', '西藏', '0');
INSERT INTO `location` VALUES ('00000000000000000841', '1', '宁夏', '0');
INSERT INTO `location` VALUES ('00000000000000000842', '1', '新疆', '0');
INSERT INTO `location` VALUES ('00000000000000000843', '2', '北京', '815');
INSERT INTO `location` VALUES ('00000000000000000844', '2', '上海', '815');
INSERT INTO `location` VALUES ('00000000000000000845', '2', '天津', '815');
INSERT INTO `location` VALUES ('00000000000000000846', '2', '重庆', '815');
INSERT INTO `location` VALUES ('00000000000000000847', '2', '哈尔滨', '820');
INSERT INTO `location` VALUES ('00000000000000000848', '2', '齐齐哈尔', '820');
INSERT INTO `location` VALUES ('00000000000000000849', '2', '牡丹江', '820');
INSERT INTO `location` VALUES ('00000000000000000850', '2', '大庆', '820');
INSERT INTO `location` VALUES ('00000000000000000851', '2', '伊春', '820');
INSERT INTO `location` VALUES ('00000000000000000852', '2', '双鸭山', '820');
INSERT INTO `location` VALUES ('00000000000000000853', '2', '鹤岗', '820');
INSERT INTO `location` VALUES ('00000000000000000854', '2', '鸡西', '820');
INSERT INTO `location` VALUES ('00000000000000000855', '2', '佳木斯', '820');
INSERT INTO `location` VALUES ('00000000000000000856', '2', '七台河', '820');
INSERT INTO `location` VALUES ('00000000000000000857', '2', '黑河', '820');
INSERT INTO `location` VALUES ('00000000000000000858', '2', '绥化', '820');
INSERT INTO `location` VALUES ('00000000000000000859', '2', '大兴安岭', '820');
INSERT INTO `location` VALUES ('00000000000000000860', '2', '长春', '819');
INSERT INTO `location` VALUES ('00000000000000000861', '2', '延边', '819');
INSERT INTO `location` VALUES ('00000000000000000862', '2', '吉林', '819');
INSERT INTO `location` VALUES ('00000000000000000863', '2', '白山', '819');
INSERT INTO `location` VALUES ('00000000000000000864', '2', '白城', '819');
INSERT INTO `location` VALUES ('00000000000000000865', '2', '四平', '819');
INSERT INTO `location` VALUES ('00000000000000000866', '2', '松原', '819');
INSERT INTO `location` VALUES ('00000000000000000867', '2', '辽源', '819');
INSERT INTO `location` VALUES ('00000000000000000868', '2', '大安', '819');
INSERT INTO `location` VALUES ('00000000000000000869', '2', '通化', '819');
INSERT INTO `location` VALUES ('00000000000000000870', '2', '沈阳', '818');
INSERT INTO `location` VALUES ('00000000000000000871', '2', '大连', '818');
INSERT INTO `location` VALUES ('00000000000000000872', '2', '葫芦岛', '818');
INSERT INTO `location` VALUES ('00000000000000000873', '2', '旅顺', '818');
INSERT INTO `location` VALUES ('00000000000000000874', '2', '本溪', '818');
INSERT INTO `location` VALUES ('00000000000000000875', '2', '抚顺', '818');
INSERT INTO `location` VALUES ('00000000000000000876', '2', '铁岭', '818');
INSERT INTO `location` VALUES ('00000000000000000877', '2', '辽阳', '818');
INSERT INTO `location` VALUES ('00000000000000000878', '2', '营口', '818');
INSERT INTO `location` VALUES ('00000000000000000879', '2', '阜新', '818');
INSERT INTO `location` VALUES ('00000000000000000880', '2', '朝阳', '818');
INSERT INTO `location` VALUES ('00000000000000000881', '2', '锦州', '818');
INSERT INTO `location` VALUES ('00000000000000000882', '2', '丹东', '818');
INSERT INTO `location` VALUES ('00000000000000000883', '2', '鞍山', '818');
INSERT INTO `location` VALUES ('00000000000000000884', '2', '呼和浩特', '838');
INSERT INTO `location` VALUES ('00000000000000000885', '2', '呼伦贝尔', '838');
INSERT INTO `location` VALUES ('00000000000000000886', '2', '锡林浩特', '838');
INSERT INTO `location` VALUES ('00000000000000000887', '2', '包头', '838');
INSERT INTO `location` VALUES ('00000000000000000888', '2', '赤峰', '838');
INSERT INTO `location` VALUES ('00000000000000000889', '2', '海拉尔', '838');
INSERT INTO `location` VALUES ('00000000000000000890', '2', '乌海', '838');
INSERT INTO `location` VALUES ('00000000000000000891', '2', '鄂尔多斯', '838');
INSERT INTO `location` VALUES ('00000000000000000892', '2', '通辽', '838');
INSERT INTO `location` VALUES ('00000000000000000893', '2', '石家庄', '816');
INSERT INTO `location` VALUES ('00000000000000000894', '2', '唐山', '816');
INSERT INTO `location` VALUES ('00000000000000000895', '2', '张家口', '816');
INSERT INTO `location` VALUES ('00000000000000000896', '2', '廊坊', '816');
INSERT INTO `location` VALUES ('00000000000000000897', '2', '邢台', '816');
INSERT INTO `location` VALUES ('00000000000000000898', '2', '邯郸', '816');
INSERT INTO `location` VALUES ('00000000000000000899', '2', '沧州', '816');
INSERT INTO `location` VALUES ('00000000000000000900', '2', '衡水', '816');
INSERT INTO `location` VALUES ('00000000000000000901', '2', '承德', '816');
INSERT INTO `location` VALUES ('00000000000000000902', '2', '保定', '816');
INSERT INTO `location` VALUES ('00000000000000000903', '2', '秦皇岛', '816');
INSERT INTO `location` VALUES ('00000000000000000904', '2', '郑州', '827');
INSERT INTO `location` VALUES ('00000000000000000905', '2', '开封', '827');
INSERT INTO `location` VALUES ('00000000000000000906', '2', '洛阳', '827');
INSERT INTO `location` VALUES ('00000000000000000907', '2', '平顶山', '827');
INSERT INTO `location` VALUES ('00000000000000000908', '2', '焦作', '827');
INSERT INTO `location` VALUES ('00000000000000000909', '2', '鹤壁', '827');
INSERT INTO `location` VALUES ('00000000000000000910', '2', '新乡', '827');
INSERT INTO `location` VALUES ('00000000000000000911', '2', '安阳', '827');
INSERT INTO `location` VALUES ('00000000000000000912', '2', '濮阳', '827');
INSERT INTO `location` VALUES ('00000000000000000913', '2', '许昌', '827');
INSERT INTO `location` VALUES ('00000000000000000914', '2', '漯河', '827');
INSERT INTO `location` VALUES ('00000000000000000915', '2', '三门峡', '827');
INSERT INTO `location` VALUES ('00000000000000000916', '2', '南阳', '827');
INSERT INTO `location` VALUES ('00000000000000000917', '2', '商丘', '827');
INSERT INTO `location` VALUES ('00000000000000000918', '2', '信阳', '827');
INSERT INTO `location` VALUES ('00000000000000000919', '2', '周口', '827');
INSERT INTO `location` VALUES ('00000000000000000920', '2', '驻马店', '827');
INSERT INTO `location` VALUES ('00000000000000000921', '2', '济南', '826');
INSERT INTO `location` VALUES ('00000000000000000922', '2', '青岛', '826');
INSERT INTO `location` VALUES ('00000000000000000923', '2', '淄博', '826');
INSERT INTO `location` VALUES ('00000000000000000924', '2', '威海', '826');
INSERT INTO `location` VALUES ('00000000000000000925', '2', '曲阜', '826');
INSERT INTO `location` VALUES ('00000000000000000926', '2', '临沂', '826');
INSERT INTO `location` VALUES ('00000000000000000927', '2', '烟台', '826');
INSERT INTO `location` VALUES ('00000000000000000928', '2', '枣庄', '826');
INSERT INTO `location` VALUES ('00000000000000000929', '2', '聊城', '826');
INSERT INTO `location` VALUES ('00000000000000000930', '2', '济宁', '826');
INSERT INTO `location` VALUES ('00000000000000000931', '2', '菏泽', '826');
INSERT INTO `location` VALUES ('00000000000000000932', '2', '泰安', '826');
INSERT INTO `location` VALUES ('00000000000000000933', '2', '日照', '826');
INSERT INTO `location` VALUES ('00000000000000000934', '2', '东营', '826');
INSERT INTO `location` VALUES ('00000000000000000935', '2', '德州', '826');
INSERT INTO `location` VALUES ('00000000000000000936', '2', '滨州', '826');
INSERT INTO `location` VALUES ('00000000000000000937', '2', '莱芜', '826');
INSERT INTO `location` VALUES ('00000000000000000938', '2', '潍坊', '826');
INSERT INTO `location` VALUES ('00000000000000000939', '2', '太原', '817');
INSERT INTO `location` VALUES ('00000000000000000940', '2', '阳泉', '817');
INSERT INTO `location` VALUES ('00000000000000000941', '2', '晋城', '817');
INSERT INTO `location` VALUES ('00000000000000000942', '2', '晋中', '817');
INSERT INTO `location` VALUES ('00000000000000000943', '2', '临汾', '817');
INSERT INTO `location` VALUES ('00000000000000000944', '2', '运城', '817');
INSERT INTO `location` VALUES ('00000000000000000945', '2', '长治', '817');
INSERT INTO `location` VALUES ('00000000000000000946', '2', '朔州', '817');
INSERT INTO `location` VALUES ('00000000000000000947', '2', '忻州', '817');
INSERT INTO `location` VALUES ('00000000000000000948', '2', '大同', '817');
INSERT INTO `location` VALUES ('00000000000000000949', '2', '吕梁', '817');
INSERT INTO `location` VALUES ('00000000000000000950', '2', '南京', '821');
INSERT INTO `location` VALUES ('00000000000000000951', '2', '苏州', '821');
INSERT INTO `location` VALUES ('00000000000000000952', '2', '昆山', '821');
INSERT INTO `location` VALUES ('00000000000000000953', '2', '南通', '821');
INSERT INTO `location` VALUES ('00000000000000000954', '2', '太仓', '821');
INSERT INTO `location` VALUES ('00000000000000000955', '2', '吴县', '821');
INSERT INTO `location` VALUES ('00000000000000000956', '2', '徐州', '821');
INSERT INTO `location` VALUES ('00000000000000000957', '2', '宜兴', '821');
INSERT INTO `location` VALUES ('00000000000000000958', '2', '镇江', '821');
INSERT INTO `location` VALUES ('00000000000000000959', '2', '淮安', '821');
INSERT INTO `location` VALUES ('00000000000000000960', '2', '常熟', '821');
INSERT INTO `location` VALUES ('00000000000000000961', '2', '盐城', '821');
INSERT INTO `location` VALUES ('00000000000000000962', '2', '泰州', '821');
INSERT INTO `location` VALUES ('00000000000000000963', '2', '无锡', '821');
INSERT INTO `location` VALUES ('00000000000000000964', '2', '连云港', '821');
INSERT INTO `location` VALUES ('00000000000000000965', '2', '扬州', '821');
INSERT INTO `location` VALUES ('00000000000000000966', '2', '常州', '821');
INSERT INTO `location` VALUES ('00000000000000000967', '2', '宿迁', '821');
INSERT INTO `location` VALUES ('00000000000000000968', '2', '合肥', '823');
INSERT INTO `location` VALUES ('00000000000000000969', '2', '巢湖', '823');
INSERT INTO `location` VALUES ('00000000000000000970', '2', '蚌埠', '823');
INSERT INTO `location` VALUES ('00000000000000000971', '2', '安庆', '823');
INSERT INTO `location` VALUES ('00000000000000000972', '2', '六安', '823');
INSERT INTO `location` VALUES ('00000000000000000973', '2', '滁州', '823');
INSERT INTO `location` VALUES ('00000000000000000974', '2', '马鞍山', '823');
INSERT INTO `location` VALUES ('00000000000000000975', '2', '阜阳', '823');
INSERT INTO `location` VALUES ('00000000000000000976', '2', '宣城', '823');
INSERT INTO `location` VALUES ('00000000000000000977', '2', '铜陵', '823');
INSERT INTO `location` VALUES ('00000000000000000978', '2', '淮北', '823');
INSERT INTO `location` VALUES ('00000000000000000979', '2', '芜湖', '823');
INSERT INTO `location` VALUES ('00000000000000000980', '2', '毫州', '823');
INSERT INTO `location` VALUES ('00000000000000000981', '2', '宿州', '823');
INSERT INTO `location` VALUES ('00000000000000000982', '2', '淮南', '823');
INSERT INTO `location` VALUES ('00000000000000000983', '2', '池州', '823');
INSERT INTO `location` VALUES ('00000000000000000984', '2', '西安', '835');
INSERT INTO `location` VALUES ('00000000000000000985', '2', '韩城', '835');
INSERT INTO `location` VALUES ('00000000000000000986', '2', '安康', '835');
INSERT INTO `location` VALUES ('00000000000000000987', '2', '汉中', '835');
INSERT INTO `location` VALUES ('00000000000000000988', '2', '宝鸡', '835');
INSERT INTO `location` VALUES ('00000000000000000989', '2', '咸阳', '835');
INSERT INTO `location` VALUES ('00000000000000000990', '2', '榆林', '835');
INSERT INTO `location` VALUES ('00000000000000000991', '2', '渭南', '835');
INSERT INTO `location` VALUES ('00000000000000000992', '2', '商洛', '835');
INSERT INTO `location` VALUES ('00000000000000000993', '2', '铜川', '835');
INSERT INTO `location` VALUES ('00000000000000000994', '2', '延安', '835');
INSERT INTO `location` VALUES ('00000000000000000995', '2', '银川', '841');
INSERT INTO `location` VALUES ('00000000000000000996', '2', '固原', '841');
INSERT INTO `location` VALUES ('00000000000000000997', '2', '中卫', '841');
INSERT INTO `location` VALUES ('00000000000000000998', '2', '石嘴山', '841');
INSERT INTO `location` VALUES ('00000000000000000999', '2', '吴忠', '841');
INSERT INTO `location` VALUES ('00000000000000001000', '2', '兰州', '836');
INSERT INTO `location` VALUES ('00000000000000001001', '2', '白银', '836');
INSERT INTO `location` VALUES ('00000000000000001002', '2', '庆阳', '836');
INSERT INTO `location` VALUES ('00000000000000001003', '2', '酒泉', '836');
INSERT INTO `location` VALUES ('00000000000000001004', '2', '天水', '836');
INSERT INTO `location` VALUES ('00000000000000001005', '2', '武威', '836');
INSERT INTO `location` VALUES ('00000000000000001006', '2', '张掖', '836');
INSERT INTO `location` VALUES ('00000000000000001007', '2', '甘南', '836');
INSERT INTO `location` VALUES ('00000000000000001008', '2', '临夏', '836');
INSERT INTO `location` VALUES ('00000000000000001009', '2', '平凉', '836');
INSERT INTO `location` VALUES ('00000000000000001010', '2', '定西', '836');
INSERT INTO `location` VALUES ('00000000000000001011', '2', '金昌', '836');
INSERT INTO `location` VALUES ('00000000000000001012', '2', '西宁', '837');
INSERT INTO `location` VALUES ('00000000000000001013', '2', '海北', '837');
INSERT INTO `location` VALUES ('00000000000000001014', '2', '海西', '837');
INSERT INTO `location` VALUES ('00000000000000001015', '2', '黄南', '837');
INSERT INTO `location` VALUES ('00000000000000001016', '2', '果洛', '837');
INSERT INTO `location` VALUES ('00000000000000001017', '2', '玉树', '837');
INSERT INTO `location` VALUES ('00000000000000001018', '2', '海东', '837');
INSERT INTO `location` VALUES ('00000000000000001019', '2', '海南', '837');
INSERT INTO `location` VALUES ('00000000000000001020', '2', '武汉', '828');
INSERT INTO `location` VALUES ('00000000000000001021', '2', '宜昌', '828');
INSERT INTO `location` VALUES ('00000000000000001022', '2', '黄冈', '828');
INSERT INTO `location` VALUES ('00000000000000001023', '2', '恩施', '828');
INSERT INTO `location` VALUES ('00000000000000001024', '2', '荆州', '828');
INSERT INTO `location` VALUES ('00000000000000001025', '2', '神农架', '828');
INSERT INTO `location` VALUES ('00000000000000001026', '2', '十堰', '828');
INSERT INTO `location` VALUES ('00000000000000001027', '2', '咸宁', '828');
INSERT INTO `location` VALUES ('00000000000000001028', '2', '襄樊', '828');
INSERT INTO `location` VALUES ('00000000000000001029', '2', '孝感', '828');
INSERT INTO `location` VALUES ('00000000000000001030', '2', '随州', '828');
INSERT INTO `location` VALUES ('00000000000000001031', '2', '黄石', '828');
INSERT INTO `location` VALUES ('00000000000000001032', '2', '荆门', '828');
INSERT INTO `location` VALUES ('00000000000000001033', '2', '鄂州', '828');
INSERT INTO `location` VALUES ('00000000000000001034', '2', '长沙', '829');
INSERT INTO `location` VALUES ('00000000000000001035', '2', '邵阳', '829');
INSERT INTO `location` VALUES ('00000000000000001036', '2', '常德', '829');
INSERT INTO `location` VALUES ('00000000000000001037', '2', '郴州', '829');
INSERT INTO `location` VALUES ('00000000000000001038', '2', '吉首', '829');
INSERT INTO `location` VALUES ('00000000000000001039', '2', '株洲', '829');
INSERT INTO `location` VALUES ('00000000000000001040', '2', '娄底', '829');
INSERT INTO `location` VALUES ('00000000000000001041', '2', '湘潭', '829');
INSERT INTO `location` VALUES ('00000000000000001042', '2', '益阳', '829');
INSERT INTO `location` VALUES ('00000000000000001043', '2', '永州', '829');
INSERT INTO `location` VALUES ('00000000000000001044', '2', '岳阳', '829');
INSERT INTO `location` VALUES ('00000000000000001045', '2', '衡阳', '829');
INSERT INTO `location` VALUES ('00000000000000001046', '2', '怀化', '829');
INSERT INTO `location` VALUES ('00000000000000001047', '2', '韶山', '829');
INSERT INTO `location` VALUES ('00000000000000001048', '2', '张家界', '829');
INSERT INTO `location` VALUES ('00000000000000001049', '2', '杭州', '822');
INSERT INTO `location` VALUES ('00000000000000001050', '2', '湖州', '822');
INSERT INTO `location` VALUES ('00000000000000001051', '2', '金华', '822');
INSERT INTO `location` VALUES ('00000000000000001052', '2', '宁波', '822');
INSERT INTO `location` VALUES ('00000000000000001053', '2', '丽水', '822');
INSERT INTO `location` VALUES ('00000000000000001054', '2', '绍兴', '822');
INSERT INTO `location` VALUES ('00000000000000001055', '2', '雁荡山', '822');
INSERT INTO `location` VALUES ('00000000000000001056', '2', '衢州', '822');
INSERT INTO `location` VALUES ('00000000000000001057', '2', '嘉兴', '822');
INSERT INTO `location` VALUES ('00000000000000001058', '2', '台州', '822');
INSERT INTO `location` VALUES ('00000000000000001059', '2', '舟山', '822');
INSERT INTO `location` VALUES ('00000000000000001060', '2', '温州', '822');
INSERT INTO `location` VALUES ('00000000000000001061', '2', '南昌', '825');
INSERT INTO `location` VALUES ('00000000000000001062', '2', '萍乡', '825');
INSERT INTO `location` VALUES ('00000000000000001063', '2', '九江', '825');
INSERT INTO `location` VALUES ('00000000000000001064', '2', '上饶', '825');
INSERT INTO `location` VALUES ('00000000000000001065', '2', '抚州', '825');
INSERT INTO `location` VALUES ('00000000000000001066', '2', '吉安', '825');
INSERT INTO `location` VALUES ('00000000000000001067', '2', '鹰潭', '825');
INSERT INTO `location` VALUES ('00000000000000001068', '2', '宜春', '825');
INSERT INTO `location` VALUES ('00000000000000001069', '2', '新余', '825');
INSERT INTO `location` VALUES ('00000000000000001070', '2', '景德镇', '825');
INSERT INTO `location` VALUES ('00000000000000001071', '2', '赣州', '825');
INSERT INTO `location` VALUES ('00000000000000001072', '2', '福州', '824');
INSERT INTO `location` VALUES ('00000000000000001073', '2', '厦门', '824');
INSERT INTO `location` VALUES ('00000000000000001074', '2', '龙岩', '824');
INSERT INTO `location` VALUES ('00000000000000001075', '2', '南平', '824');
INSERT INTO `location` VALUES ('00000000000000001076', '2', '宁德', '824');
INSERT INTO `location` VALUES ('00000000000000001077', '2', '莆田', '824');
INSERT INTO `location` VALUES ('00000000000000001078', '2', '泉州', '824');
INSERT INTO `location` VALUES ('00000000000000001079', '2', '三明', '824');
INSERT INTO `location` VALUES ('00000000000000001080', '2', '漳州', '824');
INSERT INTO `location` VALUES ('00000000000000001081', '2', '贵阳', '833');
INSERT INTO `location` VALUES ('00000000000000001082', '2', '安顺', '833');
INSERT INTO `location` VALUES ('00000000000000001083', '2', '赤水', '833');
INSERT INTO `location` VALUES ('00000000000000001084', '2', '遵义', '833');
INSERT INTO `location` VALUES ('00000000000000001085', '2', '铜仁', '833');
INSERT INTO `location` VALUES ('00000000000000001086', '2', '六盘水', '833');
INSERT INTO `location` VALUES ('00000000000000001087', '2', '毕节', '833');
INSERT INTO `location` VALUES ('00000000000000001088', '2', '凯里', '833');
INSERT INTO `location` VALUES ('00000000000000001089', '2', '都匀', '833');
INSERT INTO `location` VALUES ('00000000000000001090', '2', '成都', '832');
INSERT INTO `location` VALUES ('00000000000000001091', '2', '泸州', '832');
INSERT INTO `location` VALUES ('00000000000000001092', '2', '内江', '832');
INSERT INTO `location` VALUES ('00000000000000001093', '2', '凉山', '832');
INSERT INTO `location` VALUES ('00000000000000001094', '2', '阿坝', '832');
INSERT INTO `location` VALUES ('00000000000000001095', '2', '巴中', '832');
INSERT INTO `location` VALUES ('00000000000000001096', '2', '广元', '832');
INSERT INTO `location` VALUES ('00000000000000001097', '2', '乐山', '832');
INSERT INTO `location` VALUES ('00000000000000001098', '2', '绵阳', '832');
INSERT INTO `location` VALUES ('00000000000000001099', '2', '德阳', '832');
INSERT INTO `location` VALUES ('00000000000000001100', '2', '攀枝花', '832');
INSERT INTO `location` VALUES ('00000000000000001101', '2', '雅安', '832');
INSERT INTO `location` VALUES ('00000000000000001102', '2', '宜宾', '832');
INSERT INTO `location` VALUES ('00000000000000001103', '2', '自贡', '832');
INSERT INTO `location` VALUES ('00000000000000001104', '2', '甘孜州', '832');
INSERT INTO `location` VALUES ('00000000000000001105', '2', '达州', '832');
INSERT INTO `location` VALUES ('00000000000000001106', '2', '资阳', '832');
INSERT INTO `location` VALUES ('00000000000000001107', '2', '广安', '832');
INSERT INTO `location` VALUES ('00000000000000001108', '2', '遂宁', '832');
INSERT INTO `location` VALUES ('00000000000000001109', '2', '眉山', '832');
INSERT INTO `location` VALUES ('00000000000000001110', '2', '南充', '832');
INSERT INTO `location` VALUES ('00000000000000001111', '2', '广州', '830');
INSERT INTO `location` VALUES ('00000000000000001112', '2', '深圳', '830');
INSERT INTO `location` VALUES ('00000000000000001113', '2', '潮州', '830');
INSERT INTO `location` VALUES ('00000000000000001114', '2', '韶关', '830');
INSERT INTO `location` VALUES ('00000000000000001115', '2', '湛江', '830');
INSERT INTO `location` VALUES ('00000000000000001116', '2', '惠州', '830');
INSERT INTO `location` VALUES ('00000000000000001117', '2', '清远', '830');
INSERT INTO `location` VALUES ('00000000000000001118', '2', '东莞', '830');
INSERT INTO `location` VALUES ('00000000000000001119', '2', '江门', '830');
INSERT INTO `location` VALUES ('00000000000000001120', '2', '茂名', '830');
INSERT INTO `location` VALUES ('00000000000000001121', '2', '肇庆', '830');
INSERT INTO `location` VALUES ('00000000000000001122', '2', '汕尾', '830');
INSERT INTO `location` VALUES ('00000000000000001123', '2', '河源', '830');
INSERT INTO `location` VALUES ('00000000000000001124', '2', '揭阳', '830');
INSERT INTO `location` VALUES ('00000000000000001125', '2', '梅州', '830');
INSERT INTO `location` VALUES ('00000000000000001126', '2', '中山', '830');
INSERT INTO `location` VALUES ('00000000000000001127', '2', '德庆', '830');
INSERT INTO `location` VALUES ('00000000000000001128', '2', '阳江', '830');
INSERT INTO `location` VALUES ('00000000000000001129', '2', '云浮', '830');
INSERT INTO `location` VALUES ('00000000000000001130', '2', '珠海', '830');
INSERT INTO `location` VALUES ('00000000000000001131', '2', '汕头', '830');
INSERT INTO `location` VALUES ('00000000000000001132', '2', '佛山', '830');
INSERT INTO `location` VALUES ('00000000000000001133', '2', '南宁', '839');
INSERT INTO `location` VALUES ('00000000000000001134', '2', '桂林', '839');
INSERT INTO `location` VALUES ('00000000000000001135', '2', '阳朔', '839');
INSERT INTO `location` VALUES ('00000000000000001136', '2', '柳州', '839');
INSERT INTO `location` VALUES ('00000000000000001137', '2', '梧州', '839');
INSERT INTO `location` VALUES ('00000000000000001138', '2', '玉林', '839');
INSERT INTO `location` VALUES ('00000000000000001139', '2', '桂平', '839');
INSERT INTO `location` VALUES ('00000000000000001140', '2', '贺州', '839');
INSERT INTO `location` VALUES ('00000000000000001141', '2', '钦州', '839');
INSERT INTO `location` VALUES ('00000000000000001142', '2', '贵港', '839');
INSERT INTO `location` VALUES ('00000000000000001143', '2', '防城港', '839');
INSERT INTO `location` VALUES ('00000000000000001144', '2', '百色', '839');
INSERT INTO `location` VALUES ('00000000000000001145', '2', '北海', '839');
INSERT INTO `location` VALUES ('00000000000000001146', '2', '河池', '839');
INSERT INTO `location` VALUES ('00000000000000001147', '2', '来宾', '839');
INSERT INTO `location` VALUES ('00000000000000001148', '2', '崇左', '839');
INSERT INTO `location` VALUES ('00000000000000001149', '2', '昆明', '834');
INSERT INTO `location` VALUES ('00000000000000001150', '2', '保山', '834');
INSERT INTO `location` VALUES ('00000000000000001151', '2', '楚雄', '834');
INSERT INTO `location` VALUES ('00000000000000001152', '2', '德宏', '834');
INSERT INTO `location` VALUES ('00000000000000001153', '2', '红河', '834');
INSERT INTO `location` VALUES ('00000000000000001154', '2', '临沧', '834');
INSERT INTO `location` VALUES ('00000000000000001155', '2', '怒江', '834');
INSERT INTO `location` VALUES ('00000000000000001156', '2', '曲靖', '834');
INSERT INTO `location` VALUES ('00000000000000001157', '2', '思茅', '834');
INSERT INTO `location` VALUES ('00000000000000001158', '2', '文山', '834');
INSERT INTO `location` VALUES ('00000000000000001159', '2', '玉溪', '834');
INSERT INTO `location` VALUES ('00000000000000001160', '2', '昭通', '834');
INSERT INTO `location` VALUES ('00000000000000001161', '2', '丽江', '834');
INSERT INTO `location` VALUES ('00000000000000001162', '2', '大理', '834');
INSERT INTO `location` VALUES ('00000000000000001163', '2', '海口', '831');
INSERT INTO `location` VALUES ('00000000000000001164', '2', '三亚', '831');
INSERT INTO `location` VALUES ('00000000000000001165', '2', '儋州', '831');
INSERT INTO `location` VALUES ('00000000000000001166', '2', '琼山', '831');
INSERT INTO `location` VALUES ('00000000000000001167', '2', '通什', '831');
INSERT INTO `location` VALUES ('00000000000000001168', '2', '文昌', '831');
INSERT INTO `location` VALUES ('00000000000000001169', '2', '乌鲁木齐', '842');
INSERT INTO `location` VALUES ('00000000000000001170', '2', '阿勒泰', '842');
INSERT INTO `location` VALUES ('00000000000000001171', '2', '阿克苏', '842');
INSERT INTO `location` VALUES ('00000000000000001172', '2', '昌吉', '842');
INSERT INTO `location` VALUES ('00000000000000001173', '2', '哈密', '842');
INSERT INTO `location` VALUES ('00000000000000001174', '2', '和田', '842');
INSERT INTO `location` VALUES ('00000000000000001175', '2', '喀什', '842');
INSERT INTO `location` VALUES ('00000000000000001176', '2', '克拉玛依', '842');
INSERT INTO `location` VALUES ('00000000000000001177', '2', '石河子', '842');
INSERT INTO `location` VALUES ('00000000000000001178', '2', '塔城', '842');
INSERT INTO `location` VALUES ('00000000000000001179', '2', '库尔勒', '842');
INSERT INTO `location` VALUES ('00000000000000001180', '2', '吐鲁番', '842');
INSERT INTO `location` VALUES ('00000000000000001181', '2', '伊宁', '842');
INSERT INTO `location` VALUES ('00000000000000001182', '2', '拉萨市', '840');
INSERT INTO `location` VALUES ('00000000000000001183', '2', '日喀则市', '840');
INSERT INTO `location` VALUES ('00000000000000001184', '2', '林芝市', '840');
INSERT INTO `location` VALUES ('00000000000000001185', '2', '昌都市', '840');
INSERT INTO `location` VALUES ('00000000000000001186', '2', '山南地区', '840');
INSERT INTO `location` VALUES ('00000000000000001187', '2', '那曲地区', '840');
INSERT INTO `location` VALUES ('00000000000000001188', '2', '阿里地区', '840');

-- ----------------------------
-- Table structure for `marea`
-- ----------------------------
DROP TABLE IF EXISTS `marea`;
CREATE TABLE `marea` (
  `marea_id` bigint(20) NOT NULL COMMENT '监测域编号',
  `marea_alert_level` int(10) unsigned NOT NULL COMMENT '告警级别',
  `marea_begin` bigint(20) NOT NULL COMMENT '起始里程',
  `marea_end` bigint(20) NOT NULL COMMENT '结束里程',
  `project_id` bigint(20) DEFAULT NULL COMMENT '所属项目编号',
  PRIMARY KEY (`marea_id`) USING BTREE
) ENGINE=InnoDB DEFAULT CHARSET=utf8mb4 ROW_FORMAT=DYNAMIC COMMENT='监测域表';

-- ----------------------------
-- Records of marea
-- ----------------------------
INSERT INTO `marea` VALUES ('1354076079433748482', '1', '11', '22', '1353566171617562626');
INSERT INTO `marea` VALUES ('1354078257028272129', '1', '728', '8801', '1353565909800718337');
INSERT INTO `marea` VALUES ('1354078257464479745', '1', '1412', '5327', '1353566171617562626');
INSERT INTO `marea` VALUES ('1354078257875521538', '1', '734', '6433', '1353566171617562626');
INSERT INTO `marea` VALUES ('1354078258290757634', '3', '34', '7762', '1353566007351840770');
INSERT INTO `marea` VALUES ('1354078258714382337', '3', '678', '7651', '1353566171617562626');
INSERT INTO `marea` VALUES ('1354078259129618434', '4', '548', '1587', '1353565909800718337');
INSERT INTO `marea` VALUES ('1354078259528077313', '1', '1650', '11017', '1353237205321003010');
INSERT INTO `marea` VALUES ('1354078259930730498', '4', '15', '8230', '1353566007351840770');
INSERT INTO `marea` VALUES ('1354078260333383681', '4', '796', '1518', '1353565909800718337');
INSERT INTO `marea` VALUES ('1354078260740231170', '2', '1924', '5007', '1353566007351840770');
INSERT INTO `marea` VALUES ('1354078261147078658', '3', '1465', '5768', '1353566007351840770');
INSERT INTO `marea` VALUES ('1354078261558120450', '1', '1981', '3132', '1353566171617562626');
INSERT INTO `marea` VALUES ('1354078261956579330', '4', '331', '1057', '1353566232539828225');
INSERT INTO `marea` VALUES ('1354078262355038209', '4', '1584', '1833', '1353566007351840770');
INSERT INTO `marea` VALUES ('1354078262757691393', '2', '616', '2660', '1353566007351840770');
INSERT INTO `marea` VALUES ('1354078263177121794', '1', '665', '6522', '1353566007351840770');
INSERT INTO `marea` VALUES ('1354078263592357890', '2', '1254', '10225', '1353566007351840770');
INSERT INTO `marea` VALUES ('1354078263999205378', '3', '1137', '4338', '1353566171617562626');
INSERT INTO `marea` VALUES ('1354078264410247169', '3', '177', '734', '1353566007351840770');
INSERT INTO `marea` VALUES ('1354078264812900353', '2', '1259', '9215', '1353566232539828225');
INSERT INTO `marea` VALUES ('1354078265219747841', '4', '800', '9841', '1353566171617562626');
INSERT INTO `marea` VALUES ('1354078265630789634', '2', '195', '2077', '1353566171617562626');
INSERT INTO `marea` VALUES ('1354078266033442818', '2', '1701', '10137', '1353565909800718337');
INSERT INTO `marea` VALUES ('1354078266440290305', '2', '1023', '2546', '1353237205321003010');
INSERT INTO `marea` VALUES ('1354078266842943490', '3', '1291', '10916', '1353565909800718337');
INSERT INTO `marea` VALUES ('1354078267245596674', '1', '512', '1103', '1353566007351840770');
INSERT INTO `marea` VALUES ('1354078267660832769', '2', '1848', '2585', '1353566171617562626');
INSERT INTO `marea` VALUES ('1354078268063485953', '1', '799', '10643', '1353565909800718337');
INSERT INTO `marea` VALUES ('1354078268482916354', '1', '1914', '10989', '1353566171617562626');
INSERT INTO `marea` VALUES ('1354078268910735361', '3', '1394', '4041', '1353565909800718337');
INSERT INTO `marea` VALUES ('1354078269338554370', '2', '940', '8481', '1353566232539828225');
INSERT INTO `marea` VALUES ('1354078269762179073', '2', '662', '9127', '1353566007351840770');
INSERT INTO `marea` VALUES ('1354078270177415170', '2', '623', '6543', '1353566232539828225');
INSERT INTO `marea` VALUES ('1354078270575874050', '3', '596', '10031', '1353566232539828225');
INSERT INTO `marea` VALUES ('1354078270982721538', '3', '659', '9330', '1353237205321003010');
INSERT INTO `marea` VALUES ('1354078271376986113', '2', '638', '5567', '1353237205321003010');
INSERT INTO `marea` VALUES ('1354078271792222210', '3', '77', '525', '1353237205321003010');
INSERT INTO `marea` VALUES ('1354078272199069697', '3', '544', '5059', '1353566232539828225');
INSERT INTO `marea` VALUES ('1354078272601722882', '4', '896', '7425', '1353237205321003010');
INSERT INTO `marea` VALUES ('1354078272995987457', '2', '65', '2528', '1353566171617562626');
INSERT INTO `marea` VALUES ('1354078273394446337', '3', '663', '10154', '1353237205321003010');
INSERT INTO `marea` VALUES ('1354078273797099522', '1', '177', '7561', '1353565909800718337');
INSERT INTO `marea` VALUES ('1354078274212335618', '1', '1382', '8145', '1353566007351840770');
INSERT INTO `marea` VALUES ('1354078274610794498', '3', '1882', '11387', '1353237205321003010');
INSERT INTO `marea` VALUES ('1354078275013447682', '4', '685', '8264', '1353565909800718337');
INSERT INTO `marea` VALUES ('1354078275416100865', '3', '993', '5123', '1353566232539828225');
INSERT INTO `marea` VALUES ('1354078275827142658', '4', '1815', '3444', '1353566171617562626');
INSERT INTO `marea` VALUES ('1354078276233990145', '1', '1828', '4918', '1353565909800718337');
INSERT INTO `marea` VALUES ('1354078276632449026', '1', '1093', '10573', '1353237205321003010');
INSERT INTO `marea` VALUES ('1354078277035102210', '3', '732', '1174', '1353565909800718337');
INSERT INTO `marea` VALUES ('1354078277441949698', '3', '405', '2461', '1353566232539828225');
INSERT INTO `marea` VALUES ('1354078277869768705', '1', '1370', '5762', '1353566007351840770');
INSERT INTO `marea` VALUES ('1354078278272421889', '4', '142', '4680', '1353237205321003010');
INSERT INTO `marea` VALUES ('1354078278666686465', '2', '1786', '8642', '1353566007351840770');
INSERT INTO `marea` VALUES ('1354078279060951041', '4', '499', '3695', '1353565909800718337');
INSERT INTO `marea` VALUES ('1354078279467798529', '2', '164', '8192', '1353565909800718337');
INSERT INTO `marea` VALUES ('1354078279870451714', '2', '621', '10142', '1353237205321003010');
INSERT INTO `marea` VALUES ('1354078280264716289', '3', '328', '4798', '1353566007351840770');
INSERT INTO `marea` VALUES ('1354078280667369474', '1', '1971', '6926', '1353566007351840770');
INSERT INTO `marea` VALUES ('1354078281065828354', '2', '351', '6551', '1353566171617562626');
INSERT INTO `marea` VALUES ('1354078281464287234', '4', '1332', '4611', '1353566007351840770');
INSERT INTO `marea` VALUES ('1354078281862746114', '2', '1631', '6345', '1353566171617562626');
INSERT INTO `marea` VALUES ('1354078282269593601', '2', '1673', '5901', '1353565909800718337');
INSERT INTO `marea` VALUES ('1354078282672246786', '1', '1349', '7017', '1353566232539828225');
INSERT INTO `marea` VALUES ('1354078283070705665', '2', '1381', '4888', '1353566007351840770');
INSERT INTO `marea` VALUES ('1354078283464970242', '3', '938', '5001', '1353566171617562626');
INSERT INTO `marea` VALUES ('1354078283867623425', '2', '1590', '3630', '1353237205321003010');
INSERT INTO `marea` VALUES ('1354078284274470914', '2', '1631', '10230', '1353566171617562626');
INSERT INTO `marea` VALUES ('1354078284668735489', '1', '1171', '9090', '1353566007351840770');
INSERT INTO `marea` VALUES ('1354078285071388673', '4', '1891', '7326', '1353566007351840770');
INSERT INTO `marea` VALUES ('1354078285474041857', '1', '1293', '3540', '1353237205321003010');
INSERT INTO `marea` VALUES ('1354078285868306433', '1', '826', '6981', '1353566007351840770');
INSERT INTO `marea` VALUES ('1354078286270959618', '4', '1504', '4514', '1353566171617562626');
INSERT INTO `marea` VALUES ('1354078286673612802', '1', '1797', '11742', '1353565909800718337');
INSERT INTO `marea` VALUES ('1354078287084654593', '1', '1953', '9843', '1353566007351840770');
INSERT INTO `marea` VALUES ('1354078287487307777', '2', '510', '886', '1353566232539828225');
INSERT INTO `marea` VALUES ('1354078287885766657', '3', '1951', '10828', '1353565909800718337');
INSERT INTO `marea` VALUES ('1354078288284225538', '4', '1594', '11466', '1353566171617562626');
INSERT INTO `marea` VALUES ('1354078288682684417', '1', '3', '8157', '1353566171617562626');
INSERT INTO `marea` VALUES ('1354078289085337601', '2', '87', '1758', '1353237205321003010');
INSERT INTO `marea` VALUES ('1354078289483796481', '4', '754', '7875', '1353237205321003010');
INSERT INTO `marea` VALUES ('1354078289886449666', '3', '173', '2965', '1353566007351840770');
INSERT INTO `marea` VALUES ('1354078290289102849', '3', '599', '9846', '1353237205321003010');
INSERT INTO `marea` VALUES ('1354078290683367425', '3', '751', '9663', '1353566007351840770');
INSERT INTO `marea` VALUES ('1354078291081826306', '2', '779', '8298', '1353237205321003010');
INSERT INTO `marea` VALUES ('1354078291488673794', '1', '1944', '2467', '1353566171617562626');
INSERT INTO `marea` VALUES ('1354078291887132673', '1', '1471', '2752', '1353566007351840770');
INSERT INTO `marea` VALUES ('1354078292289785858', '4', '80', '1595', '1353237205321003010');
INSERT INTO `marea` VALUES ('1354078292696633346', '4', '1982', '4052', '1353566007351840770');
INSERT INTO `marea` VALUES ('1354078293099286529', '1', '1239', '5864', '1353566232539828225');
INSERT INTO `marea` VALUES ('1354078293510328321', '1', '926', '10863', '1353566232539828225');
INSERT INTO `marea` VALUES ('1354078293900398593', '4', '598', '10103', '1353566171617562626');
INSERT INTO `marea` VALUES ('1354078294307246081', '4', '1629', '9588', '1353237205321003010');
INSERT INTO `marea` VALUES ('1354078294705704961', '4', '722', '6436', '1353237205321003010');
INSERT INTO `marea` VALUES ('1354078295108358146', '1', '1461', '1924', '1353566171617562626');
INSERT INTO `marea` VALUES ('1354078295502622721', '2', '1690', '1749', '1353237205321003010');
INSERT INTO `marea` VALUES ('1354078295901081601', '1', '826', '10429', '1353566232539828225');
INSERT INTO `marea` VALUES ('1354078296312123393', '3', '294', '7869', '1353566007351840770');
INSERT INTO `marea` VALUES ('1354078296735748097', '3', '824', '6261', '1353566232539828225');
INSERT INTO `marea` VALUES ('1354078297163567105', '2', '1352', '4297', '1353566232539828225');
INSERT INTO `marea` VALUES ('1354447961412661250', '3', '1467', '1769', '1353237205321003010');
INSERT INTO `marea` VALUES ('1354447961853063169', '2', '1341', '5066', '1353566007351840770');
INSERT INTO `marea` VALUES ('1354447962280882177', '2', '91', '6924', '1353566007351840770');
INSERT INTO `marea` VALUES ('1354447962708701186', '1', '864', '4574', '1353565909800718337');
INSERT INTO `marea` VALUES ('1354447963136520194', '3', '1283', '1648', '1353566232539828225');
INSERT INTO `marea` VALUES ('1354447963560144898', '1', '671', '7047', '1353237205321003010');
INSERT INTO `marea` VALUES ('1354447963992158209', '2', '62', '4051', '1353565909800718337');
INSERT INTO `marea` VALUES ('1354447964428365825', '1', '183', '4550', '1353566232539828225');
INSERT INTO `marea` VALUES ('1354447964856184833', '3', '1744', '3695', '1353566232539828225');
INSERT INTO `marea` VALUES ('1354447965288198146', '2', '1042', '10044', '1353566007351840770');
INSERT INTO `marea` VALUES ('1354447965716017153', '1', '296', '7868', '1353566171617562626');
INSERT INTO `marea` VALUES ('1354447966143836162', '4', '883', '981', '1353566007351840770');
INSERT INTO `marea` VALUES ('1354447966567460866', '3', '1278', '10779', '1353566232539828225');
INSERT INTO `marea` VALUES ('1354447966999474178', '4', '344', '9594', '1353237205321003010');
INSERT INTO `marea` VALUES ('1354447967423098881', '3', '1299', '8794', '1353566232539828225');
INSERT INTO `marea` VALUES ('1354447967863500801', '2', '472', '7936', '1353566232539828225');
INSERT INTO `marea` VALUES ('1354447968291319809', '4', '629', '3460', '1353565909800718337');
INSERT INTO `marea` VALUES ('1354447968710750210', '4', '1957', '2999', '1353566232539828225');
INSERT INTO `marea` VALUES ('1354447969142763521', '3', '170', '1776', '1353566171617562626');
INSERT INTO `marea` VALUES ('1354447969570582530', '3', '57', '5851', '1353565909800718337');
INSERT INTO `marea` VALUES ('1354447969998401537', '2', '1041', '8847', '1353566171617562626');
INSERT INTO `marea` VALUES ('1354447970417831938', '2', '1290', '3156', '1353565909800718337');
INSERT INTO `marea` VALUES ('1354447970845650945', '3', '87', '1714', '1353237205321003010');
INSERT INTO `marea` VALUES ('1354447971265081346', '3', '1031', '4663', '1353237205321003010');
INSERT INTO `marea` VALUES ('1354447971705483265', '3', '861', '5760', '1353566171617562626');
INSERT INTO `marea` VALUES ('1354447972129107969', '2', '234', '4933', '1353566007351840770');
INSERT INTO `marea` VALUES ('1354447972548538369', '1', '1300', '10754', '1353237205321003010');
INSERT INTO `marea` VALUES ('1354447972976357377', '4', '757', '4680', '1353566171617562626');
INSERT INTO `marea` VALUES ('1354447973404176385', '3', '339', '2936', '1353566171617562626');
INSERT INTO `marea` VALUES ('1354447973827801090', '2', '1415', '6315', '1353566232539828225');
INSERT INTO `marea` VALUES ('1354447974255620097', '3', '1468', '9602', '1353565909800718337');
INSERT INTO `marea` VALUES ('1354447974683439105', '3', '1350', '4961', '1353237205321003010');
INSERT INTO `marea` VALUES ('1354447975111258113', '4', '461', '10171', '1353565909800718337');
INSERT INTO `marea` VALUES ('1354447975539077121', '3', '1460', '5755', '1353565909800718337');
INSERT INTO `marea` VALUES ('1354447975962701825', '3', '586', '5591', '1353566171617562626');
INSERT INTO `marea` VALUES ('1354447976386326529', '2', '1469', '5158', '1353566007351840770');
INSERT INTO `marea` VALUES ('1354447976814145538', '2', '101', '5322', '1353237205321003010');
INSERT INTO `marea` VALUES ('1354447977237770242', '2', '68', '2104', '1353566007351840770');
INSERT INTO `marea` VALUES ('1354447977657200641', '2', '1832', '6835', '1353566232539828225');
INSERT INTO `marea` VALUES ('1354447978080825346', '3', '11', '4632', '1353566171617562626');
INSERT INTO `marea` VALUES ('1354447978504450049', '1', '1624', '3884', '1353566171617562626');
INSERT INTO `marea` VALUES ('1354447978923880450', '3', '1545', '9588', '1353566232539828225');
INSERT INTO `marea` VALUES ('1354447979347505154', '4', '1153', '3418', '1353566171617562626');
INSERT INTO `marea` VALUES ('1354447979779518465', '3', '1411', '7098', '1353566007351840770');
INSERT INTO `marea` VALUES ('1354447980198948865', '1', '1502', '5713', '1353566171617562626');
INSERT INTO `marea` VALUES ('1354447980622573570', '1', '613', '2946', '1353566007351840770');
INSERT INTO `marea` VALUES ('1354447981054586882', '3', '159', '1213', '1353566232539828225');
INSERT INTO `marea` VALUES ('1354447981478211586', '2', '344', '6417', '1353566171617562626');
INSERT INTO `marea` VALUES ('1354447981906030593', '4', '178', '4236', '1353565909800718337');
INSERT INTO `marea` VALUES ('1354447982329655297', '1', '1676', '3862', '1353237205321003010');
INSERT INTO `marea` VALUES ('1354447982757474305', '1', '268', '3393', '1353237205321003010');
INSERT INTO `marea` VALUES ('1354447983176904705', '2', '636', '5870', '1353237205321003010');
INSERT INTO `marea` VALUES ('1354447983600529409', '2', '1887', '5744', '1353565909800718337');
INSERT INTO `marea` VALUES ('1354447984028348417', '2', '1519', '3123', '1353237205321003010');
INSERT INTO `marea` VALUES ('1354447984447778818', '1', '1540', '6728', '1353566171617562626');
INSERT INTO `marea` VALUES ('1354447984900763649', '2', '482', '8214', '1353566232539828225');
INSERT INTO `marea` VALUES ('1354447985324388353', '4', '592', '6210', '1353566232539828225');
INSERT INTO `marea` VALUES ('1354447985748013057', '1', '112', '458', '1353565909800718337');
INSERT INTO `marea` VALUES ('1354447986175832066', '4', '96', '7413', '1353566171617562626');
INSERT INTO `marea` VALUES ('1354447986595262465', '3', '1660', '7066', '1353566007351840770');
INSERT INTO `marea` VALUES ('1354447987023081473', '2', '1902', '5971', '1353566007351840770');
INSERT INTO `marea` VALUES ('1354447987450900481', '1', '1780', '4257', '1353566232539828225');
INSERT INTO `marea` VALUES ('1354447987878719489', '3', '203', '4331', '1353566007351840770');
INSERT INTO `marea` VALUES ('1354447988302344193', '3', '1133', '10575', '1353566171617562626');
INSERT INTO `marea` VALUES ('1354447988725968897', '3', '1877', '10887', '1353566232539828225');
INSERT INTO `marea` VALUES ('1354447989153787905', '4', '1227', '11112', '1353566171617562626');
INSERT INTO `marea` VALUES ('1354447989573218306', '1', '160', '3437', '1353565909800718337');
INSERT INTO `marea` VALUES ('1354447989992648705', '2', '199', '4518', '1353237205321003010');
INSERT INTO `marea` VALUES ('1354447990412079105', '1', '990', '10417', '1353565909800718337');
INSERT INTO `marea` VALUES ('1354447990839898114', '1', '744', '2324', '1353237205321003010');
INSERT INTO `marea` VALUES ('1354447991267717121', '3', '345', '575', '1353565909800718337');
INSERT INTO `marea` VALUES ('1354447991695536129', '1', '1277', '4580', '1353237205321003010');
INSERT INTO `marea` VALUES ('1354447992114966529', '4', '1637', '11459', '1353237205321003010');
INSERT INTO `marea` VALUES ('1354447992538591233', '1', '1743', '11575', '1353237205321003010');
INSERT INTO `marea` VALUES ('1354447992962215938', '3', '1697', '6531', '1353566007351840770');
INSERT INTO `marea` VALUES ('1354447993385840641', '1', '625', '5578', '1353237205321003010');
INSERT INTO `marea` VALUES ('1354447993813659650', '2', '1268', '9713', '1353566232539828225');
INSERT INTO `marea` VALUES ('1354447994237284353', '2', '625', '5221', '1353566232539828225');
INSERT INTO `marea` VALUES ('1354447994665103361', '3', '1281', '6363', '1353566171617562626');
INSERT INTO `marea` VALUES ('1354447995080339458', '2', '1238', '5948', '1353566232539828225');
INSERT INTO `marea` VALUES ('1354447995503964162', '1', '437', '7853', '1353566171617562626');
INSERT INTO `marea` VALUES ('1354447995927588866', '1', '1745', '7568', '1353565909800718337');
INSERT INTO `marea` VALUES ('1354447996351213569', '4', '310', '8301', '1353565909800718337');
INSERT INTO `marea` VALUES ('1354447996770643970', '2', '526', '685', '1353566232539828225');
INSERT INTO `marea` VALUES ('1354447997194268674', '1', '131', '2300', '1353565909800718337');
INSERT INTO `marea` VALUES ('1354447997613699073', '2', '1762', '4668', '1353237205321003010');
INSERT INTO `marea` VALUES ('1354447998045712386', '4', '1352', '4521', '1353237205321003010');
INSERT INTO `marea` VALUES ('1354447998469337089', '4', '1196', '7985', '1353566007351840770');
INSERT INTO `marea` VALUES ('1354447998892961794', '2', '888', '5374', '1353237205321003010');
INSERT INTO `marea` VALUES ('1354447999308197890', '1', '885', '4779', '1353566171617562626');
INSERT INTO `marea` VALUES ('1354447999736016897', '2', '979', '3444', '1353565909800718337');
INSERT INTO `marea` VALUES ('1354448000159641601', '1', '1394', '5129', '1353566171617562626');
INSERT INTO `marea` VALUES ('1354448000579072001', '1', '1456', '7130', '1353566171617562626');
INSERT INTO `marea` VALUES ('1354448001006891009', '3', '223', '5617', '1353566232539828225');
INSERT INTO `marea` VALUES ('1354448001430515713', '4', '977', '2303', '1353566007351840770');
INSERT INTO `marea` VALUES ('1354448001849946113', '1', '499', '5001', '1353237205321003010');
INSERT INTO `marea` VALUES ('1354448002273570817', '2', '467', '7375', '1353566007351840770');
INSERT INTO `marea` VALUES ('1354448002697195521', '3', '1712', '8416', '1353566007351840770');
INSERT INTO `marea` VALUES ('1354448003120820226', '4', '797', '2479', '1353566007351840770');
INSERT INTO `marea` VALUES ('1354448003540250626', '2', '1953', '9571', '1353565909800718337');
INSERT INTO `marea` VALUES ('1354448517711536129', '4', '1042', '7258', '1353237205321003010');
INSERT INTO `marea` VALUES ('1354448518080634881', '2', '1058', '4391', '1353566171617562626');
INSERT INTO `marea` VALUES ('1354448518445539329', '1', '1951', '4559', '1353566232539828225');
INSERT INTO `marea` VALUES ('1354448518789472257', '1', '1815', '2603', '1353566007351840770');
INSERT INTO `marea` VALUES ('1354448519166959617', '1', '254', '6686', '1353566171617562626');
INSERT INTO `marea` VALUES ('1354448519527669762', '4', '982', '5722', '1353566007351840770');
INSERT INTO `marea` VALUES ('1354448519888379905', '2', '634', '1201', '1353566007351840770');
INSERT INTO `marea` VALUES ('1354448520244895746', '2', '868', '875', '1353566232539828225');
INSERT INTO `marea` VALUES ('1354448520613994498', '2', '479', '4413', '1353566007351840770');
INSERT INTO `marea` VALUES ('1354448520983093250', '4', '1318', '10899', '1353566171617562626');
INSERT INTO `marea` VALUES ('1354448521364774914', '2', '1883', '10851', '1353566007351840770');
INSERT INTO `marea` VALUES ('1354448521717096450', '3', '1524', '1793', '1353237205321003010');
INSERT INTO `marea` VALUES ('1354448522069417986', '3', '112', '8643', '1353566232539828225');
INSERT INTO `marea` VALUES ('1354448522421739522', '4', '536', '10163', '1353565909800718337');
INSERT INTO `marea` VALUES ('1354448522778255361', '1', '1952', '5109', '1353237205321003010');
INSERT INTO `marea` VALUES ('1354448523138965505', '2', '60', '2494', '1353566232539828225');
INSERT INTO `marea` VALUES ('1354448523491287041', '2', '367', '9552', '1353566007351840770');
INSERT INTO `marea` VALUES ('1354448523847802882', '4', '1615', '4024', '1353565909800718337');
INSERT INTO `marea` VALUES ('1354448524195930113', '1', '549', '2743', '1353566171617562626');
INSERT INTO `marea` VALUES ('1354448524552445953', '3', '1232', '2704', '1353566171617562626');
INSERT INTO `marea` VALUES ('1354448524896378881', '2', '1481', '7814', '1353566232539828225');
INSERT INTO `marea` VALUES ('1354448525252894721', '3', '689', '10210', '1353566171617562626');
INSERT INTO `marea` VALUES ('1354448525596827649', '3', '438', '3462', '1353566232539828225');
INSERT INTO `marea` VALUES ('1354448525953343490', '1', '837', '3926', '1353237205321003010');
INSERT INTO `marea` VALUES ('1354448526305665026', '4', '281', '7600', '1353566232539828225');
INSERT INTO `marea` VALUES ('1354448526662180866', '2', '481', '6415', '1353566007351840770');
INSERT INTO `marea` VALUES ('1354448527014502402', '1', '1904', '4051', '1353237205321003010');
INSERT INTO `marea` VALUES ('1354448527371018242', '2', '1726', '8254', '1353237205321003010');
INSERT INTO `marea` VALUES ('1354448527714951169', '4', '572', '9711', '1353566007351840770');
INSERT INTO `marea` VALUES ('1354448528067272705', '2', '1909', '5983', '1353237205321003010');
INSERT INTO `marea` VALUES ('1354448528419594242', '3', '527', '2284', '1353566232539828225');
INSERT INTO `marea` VALUES ('1354448528776110081', '1', '1937', '6520', '1353566171617562626');
INSERT INTO `marea` VALUES ('1354448529128431617', '3', '815', '8321', '1353237205321003010');
INSERT INTO `marea` VALUES ('1354448529468170242', '1', '800', '8703', '1353566232539828225');
INSERT INTO `marea` VALUES ('1354448529816297474', '3', '1025', '5136', '1353566171617562626');
INSERT INTO `marea` VALUES ('1354448530168619009', '3', '914', '7779', '1353566232539828225');
INSERT INTO `marea` VALUES ('1354448530516746242', '2', '605', '6293', '1353566171617562626');
INSERT INTO `marea` VALUES ('1354448530860679169', '1', '1864', '5824', '1353566007351840770');
INSERT INTO `marea` VALUES ('1354448531213000706', '4', '240', '3870', '1353566007351840770');
INSERT INTO `marea` VALUES ('1354448531561127938', '4', '805', '1614', '1353565909800718337');
INSERT INTO `marea` VALUES ('1354448531905060866', '4', '853', '3053', '1353566171617562626');
INSERT INTO `marea` VALUES ('1354448532261576706', '4', '1520', '5616', '1353565909800718337');
INSERT INTO `marea` VALUES ('1354448532613898241', '2', '459', '1925', '1353566232539828225');
INSERT INTO `marea` VALUES ('1354448532966219778', '4', '1904', '10312', '1353565909800718337');
INSERT INTO `marea` VALUES ('1354448533318541314', '2', '626', '1220', '1353565909800718337');
INSERT INTO `marea` VALUES ('1354448533666668545', '4', '1070', '7744', '1353566171617562626');
INSERT INTO `marea` VALUES ('1354448534018990081', '4', '525', '9956', '1353237205321003010');
INSERT INTO `marea` VALUES ('1354448534379700226', '4', '1286', '4400', '1353566232539828225');
INSERT INTO `marea` VALUES ('1354448534723633153', '4', '96', '8987', '1353565909800718337');
INSERT INTO `marea` VALUES ('1354448535075954690', '3', '229', '5723', '1353565909800718337');
INSERT INTO `marea` VALUES ('1354448535428276225', '3', '130', '7130', '1353566171617562626');
INSERT INTO `marea` VALUES ('1354448535780597761', '3', '1068', '4244', '1353566171617562626');
INSERT INTO `marea` VALUES ('1354448536132919298', '4', '844', '7792', '1353566171617562626');
INSERT INTO `marea` VALUES ('1354448536476852226', '1', '1739', '2324', '1353566007351840770');
INSERT INTO `marea` VALUES ('1354448536824979458', '1', '1048', '4662', '1353566171617562626');
INSERT INTO `marea` VALUES ('1354448537173106690', '3', '566', '8004', '1353237205321003010');
INSERT INTO `marea` VALUES ('1354448537525428226', '2', '787', '10563', '1353566007351840770');
INSERT INTO `marea` VALUES ('1354448537873555457', '3', '1139', '8472', '1353566007351840770');
INSERT INTO `marea` VALUES ('1354448538217488386', '4', '604', '10009', '1353237205321003010');
INSERT INTO `marea` VALUES ('1354448538565615618', '1', '1785', '11023', '1353566232539828225');
INSERT INTO `marea` VALUES ('1354448538917937154', '1', '802', '1940', '1353566171617562626');
INSERT INTO `marea` VALUES ('1354448539266064385', '3', '707', '4278', '1353237205321003010');
INSERT INTO `marea` VALUES ('1354448539618385922', '3', '632', '4270', '1353237205321003010');
INSERT INTO `marea` VALUES ('1354448539970707457', '1', '1642', '5876', '1353237205321003010');
INSERT INTO `marea` VALUES ('1354448540314640385', '3', '1891', '4670', '1353565909800718337');
INSERT INTO `marea` VALUES ('1354448540658573314', '2', '766', '877', '1353566171617562626');
INSERT INTO `marea` VALUES ('1354448541010894849', '2', '1770', '7478', '1353237205321003010');
INSERT INTO `marea` VALUES ('1354448541359022082', '2', '1453', '6625', '1353565909800718337');
INSERT INTO `marea` VALUES ('1354448541698760705', '1', '1941', '10244', '1353566232539828225');
INSERT INTO `marea` VALUES ('1354448542046887937', '2', '1082', '9230', '1353566007351840770');
INSERT INTO `marea` VALUES ('1354448542390820866', '4', '239', '6658', '1353565909800718337');
INSERT INTO `marea` VALUES ('1354448542743142401', '4', '1159', '8744', '1353566232539828225');
INSERT INTO `marea` VALUES ('1354448543091269633', '1', '340', '6228', '1353566171617562626');
INSERT INTO `marea` VALUES ('1354448543443591170', '1', '1242', '6436', '1353566232539828225');
INSERT INTO `marea` VALUES ('1354448543795912706', '1', '675', '3086', '1353565909800718337');
INSERT INTO `marea` VALUES ('1354448544139845633', '1', '1003', '8484', '1353566232539828225');
INSERT INTO `marea` VALUES ('1354448544487972866', '4', '652', '6189', '1353237205321003010');
INSERT INTO `marea` VALUES ('1354448544840294402', '1', '212', '3266', '1353566007351840770');
INSERT INTO `marea` VALUES ('1354448545180033026', '2', '1665', '11337', '1353566171617562626');
INSERT INTO `marea` VALUES ('1354448545532354561', '1', '1119', '1878', '1353237205321003010');
INSERT INTO `marea` VALUES ('1354448545872093186', '1', '617', '1708', '1353566007351840770');
INSERT INTO `marea` VALUES ('1354448546224414721', '2', '1563', '9333', '1353566007351840770');
INSERT INTO `marea` VALUES ('1354448546568347649', '1', '280', '5668', '1353565909800718337');
INSERT INTO `marea` VALUES ('1354448546912280578', '4', '1927', '9838', '1353566232539828225');
INSERT INTO `marea` VALUES ('1354448547260407809', '4', '1128', '5906', '1353566007351840770');
INSERT INTO `marea` VALUES ('1354448547600146433', '3', '21', '4893', '1353237205321003010');
INSERT INTO `marea` VALUES ('1354448547948273666', '2', '1620', '11039', '1353237205321003010');
INSERT INTO `marea` VALUES ('1354448548292206594', '1', '440', '8697', '1353565909800718337');
INSERT INTO `marea` VALUES ('1354448548644528129', '2', '1062', '2686', '1353237205321003010');
INSERT INTO `marea` VALUES ('1354448548988461058', '1', '1302', '4888', '1353566007351840770');
INSERT INTO `marea` VALUES ('1354448549332393985', '2', '1024', '9525', '1353237205321003010');
INSERT INTO `marea` VALUES ('1354448549672132609', '2', '741', '6359', '1353566232539828225');
INSERT INTO `marea` VALUES ('1354448550016065537', '4', '0', '9807', '1353566232539828225');
INSERT INTO `marea` VALUES ('1354448550368387074', '4', '721', '5044', '1353565909800718337');
INSERT INTO `marea` VALUES ('1354448550712320001', '3', '1257', '5527', '1353237205321003010');
INSERT INTO `marea` VALUES ('1354448551060447234', '3', '965', '3368', '1353237205321003010');
INSERT INTO `marea` VALUES ('1354448551404380161', '2', '1921', '9795', '1353566171617562626');
INSERT INTO `marea` VALUES ('1354448551744118786', '2', '1533', '5395', '1353566171617562626');
INSERT INTO `marea` VALUES ('1354448552096440321', '4', '141', '165', '1353566171617562626');
INSERT INTO `marea` VALUES ('1354448552440373250', '2', '1082', '10328', '1353566171617562626');
INSERT INTO `marea` VALUES ('1354449250091585537', '1', '306', '7063', '1353566171617562626');
INSERT INTO `marea` VALUES ('1354449250536181762', '2', '306', '5786', '1353237205321003010');
INSERT INTO `marea` VALUES ('1354449250934640641', '4', '151', '7684', '1353565909800718337');
INSERT INTO `marea` VALUES ('1354449251333099521', '1', '591', '5150', '1353566007351840770');
INSERT INTO `marea` VALUES ('1354449251727364097', '4', '1602', '6253', '1353566007351840770');
INSERT INTO `marea` VALUES ('1354449252117434370', '1', '1343', '8006', '1353565909800718337');
INSERT INTO `marea` VALUES ('1354449252511698946', '1', '1652', '7632', '1353566232539828225');
INSERT INTO `marea` VALUES ('1354449252901769217', '4', '217', '7351', '1353565909800718337');
INSERT INTO `marea` VALUES ('1354449253296033794', '4', '346', '2838', '1353566232539828225');
INSERT INTO `marea` VALUES ('1354449253690298370', '1', '1359', '10258', '1353566007351840770');
INSERT INTO `marea` VALUES ('1354449254080368642', '3', '186', '1271', '1353566007351840770');
INSERT INTO `marea` VALUES ('1354449254470438914', '2', '1901', '2292', '1353237205321003010');
INSERT INTO `marea` VALUES ('1354449254868897794', '1', '1493', '10021', '1353566171617562626');
INSERT INTO `marea` VALUES ('1354449255263162370', '2', '199', '6019', '1353566232539828225');
INSERT INTO `marea` VALUES ('1354449255649038337', '4', '21', '606', '1353237205321003010');
INSERT INTO `marea` VALUES ('1354449256047497217', '4', '508', '550', '1353566171617562626');
INSERT INTO `marea` VALUES ('1354449256441761794', '1', '1742', '11196', '1353237205321003010');
INSERT INTO `marea` VALUES ('1354449256831832066', '1', '1479', '2060', '1353566007351840770');
INSERT INTO `marea` VALUES ('1354449257217708033', '2', '286', '5655', '1353565909800718337');
INSERT INTO `marea` VALUES ('1354449257616166914', '4', '234', '5937', '1353566007351840770');
INSERT INTO `marea` VALUES ('1354449258002042881', '4', '878', '5231', '1353565909800718337');
INSERT INTO `marea` VALUES ('1354449258392113154', '3', '562', '6990', '1353566007351840770');
INSERT INTO `marea` VALUES ('1354449258782183426', '1', '160', '9060', '1353566171617562626');
INSERT INTO `marea` VALUES ('1354449259168059393', '4', '1368', '3736', '1353566232539828225');
INSERT INTO `marea` VALUES ('1354449259558129665', '3', '1792', '8704', '1353237205321003010');
INSERT INTO `marea` VALUES ('1354449259944005633', '1', '316', '3647', '1353566232539828225');
INSERT INTO `marea` VALUES ('1354449260334075906', '4', '70', '3051', '1353566232539828225');
INSERT INTO `marea` VALUES ('1354449260724146177', '3', '1978', '5551', '1353237205321003010');
INSERT INTO `marea` VALUES ('1354449261114216450', '1', '1600', '10356', '1353237205321003010');
INSERT INTO `marea` VALUES ('1354449261500092418', '1', '1734', '6319', '1353566007351840770');
INSERT INTO `marea` VALUES ('1354449261890162689', '3', '1401', '4667', '1353237205321003010');
INSERT INTO `marea` VALUES ('1354449262280232961', '3', '705', '4038', '1353566232539828225');
INSERT INTO `marea` VALUES ('1354449262670303234', '2', '1975', '3788', '1353566171617562626');
INSERT INTO `marea` VALUES ('1354449263060373506', '3', '995', '10323', '1353566232539828225');
INSERT INTO `marea` VALUES ('1354449263450443778', '2', '22', '3883', '1353237205321003010');
INSERT INTO `marea` VALUES ('1354449263840514050', '2', '160', '5555', '1353565909800718337');
INSERT INTO `marea` VALUES ('1354449264230584322', '4', '1999', '9195', '1353566171617562626');
INSERT INTO `marea` VALUES ('1354449264620654593', '2', '70', '7038', '1353237205321003010');
INSERT INTO `marea` VALUES ('1354449265006530562', '1', '1589', '10395', '1353565909800718337');
INSERT INTO `marea` VALUES ('1354449265400795137', '3', '1275', '6744', '1353566232539828225');
INSERT INTO `marea` VALUES ('1354449265778282498', '1', '420', '1717', '1353566007351840770');
INSERT INTO `marea` VALUES ('1354449266172547074', '3', '1232', '5778', '1353565909800718337');
INSERT INTO `marea` VALUES ('1354449266554228737', '2', '1411', '4897', '1353565909800718337');
INSERT INTO `marea` VALUES ('1354449266944299010', '2', '850', '5368', '1353566171617562626');
INSERT INTO `marea` VALUES ('1354449267330174977', '3', '1120', '10333', '1353565909800718337');
INSERT INTO `marea` VALUES ('1354449267720245249', '3', '405', '3762', '1353566171617562626');
INSERT INTO `marea` VALUES ('1354449268101926914', '1', '536', '2620', '1353566232539828225');
INSERT INTO `marea` VALUES ('1354449268491997185', '3', '1449', '3653', '1353566007351840770');
INSERT INTO `marea` VALUES ('1354449268877873153', '4', '1950', '11863', '1353566171617562626');
INSERT INTO `marea` VALUES ('1354449269263749122', '2', '695', '10002', '1353565909800718337');
INSERT INTO `marea` VALUES ('1354449269653819393', '3', '208', '5891', '1353565909800718337');
INSERT INTO `marea` VALUES ('1354449270039695362', '3', '739', '1140', '1353566232539828225');
INSERT INTO `marea` VALUES ('1354449270433959937', '2', '551', '1859', '1353566171617562626');
INSERT INTO `marea` VALUES ('1354449270824030210', '4', '169', '9909', '1353566232539828225');
INSERT INTO `marea` VALUES ('1354449271214100481', '1', '1221', '4886', '1353566171617562626');
INSERT INTO `marea` VALUES ('1354449271604170754', '2', '657', '8487', '1353566171617562626');
INSERT INTO `marea` VALUES ('1354449271985852418', '2', '1830', '11669', '1353565909800718337');
INSERT INTO `marea` VALUES ('1354449272384311297', '2', '1740', '6668', '1353566232539828225');
INSERT INTO `marea` VALUES ('1354449272774381570', '4', '497', '4409', '1353565909800718337');
INSERT INTO `marea` VALUES ('1354449273164451842', '3', '774', '6160', '1353566232539828225');
INSERT INTO `marea` VALUES ('1354449273554522114', '3', '86', '8162', '1353237205321003010');
INSERT INTO `marea` VALUES ('1354449273940398082', '4', '1540', '6428', '1353566232539828225');
INSERT INTO `marea` VALUES ('1354449274334662657', '2', '1968', '3648', '1353237205321003010');
INSERT INTO `marea` VALUES ('1354449274728927234', '1', '21', '2771', '1353565909800718337');
INSERT INTO `marea` VALUES ('1354449275127386114', '2', '1202', '9724', '1353566232539828225');
INSERT INTO `marea` VALUES ('1354449275525844994', '4', '387', '5943', '1353566171617562626');
INSERT INTO `marea` VALUES ('1354449275907526657', '4', '1995', '3756', '1353566232539828225');
INSERT INTO `marea` VALUES ('1354449276297596930', '3', '1920', '6611', '1353566007351840770');
INSERT INTO `marea` VALUES ('1354449276687667201', '4', '84', '1877', '1353566007351840770');
INSERT INTO `marea` VALUES ('1354449277073543170', '4', '1243', '9569', '1353565909800718337');
INSERT INTO `marea` VALUES ('1354449277451030530', '4', '958', '2963', '1353237205321003010');
INSERT INTO `marea` VALUES ('1354449277841100802', '2', '746', '6452', '1353566232539828225');
INSERT INTO `marea` VALUES ('1354449278231171073', '4', '117', '2944', '1353566171617562626');
INSERT INTO `marea` VALUES ('1354449278612852738', '1', '672', '1357', '1353566171617562626');
INSERT INTO `marea` VALUES ('1354449278994534402', '4', '1650', '6261', '1353566007351840770');
INSERT INTO `marea` VALUES ('1354449279388798978', '4', '1910', '10935', '1353566232539828225');
INSERT INTO `marea` VALUES ('1354449279783063554', '2', '226', '9666', '1353237205321003010');
INSERT INTO `marea` VALUES ('1354449280168939521', '4', '1314', '7804', '1353237205321003010');
INSERT INTO `marea` VALUES ('1354449280554815490', '2', '178', '694', '1353566171617562626');
INSERT INTO `marea` VALUES ('1354449280940691458', '1', '1349', '8849', '1353566171617562626');
INSERT INTO `marea` VALUES ('1354449281330761730', '3', '836', '6171', '1353566007351840770');
INSERT INTO `marea` VALUES ('1354449281725026305', '3', '1126', '6691', '1353566232539828225');
INSERT INTO `marea` VALUES ('1354449282110902274', '2', '56', '6105', '1353566232539828225');
INSERT INTO `marea` VALUES ('1354449282496778241', '3', '1290', '3602', '1353237205321003010');
INSERT INTO `marea` VALUES ('1354449282891042817', '1', '390', '3969', '1353566007351840770');
INSERT INTO `marea` VALUES ('1354449283276918785', '2', '925', '1077', '1353566232539828225');
INSERT INTO `marea` VALUES ('1354449283662794753', '1', '1008', '8242', '1353565909800718337');
INSERT INTO `marea` VALUES ('1354449284048670721', '3', '856', '9984', '1353565909800718337');
INSERT INTO `marea` VALUES ('1354449284426158081', '2', '370', '9285', '1353566007351840770');
INSERT INTO `marea` VALUES ('1354449284820422658', '4', '155', '6100', '1353565909800718337');
INSERT INTO `marea` VALUES ('1354449285206298626', '1', '67', '1746', '1353565909800718337');
INSERT INTO `marea` VALUES ('1354449285592174593', '4', '1297', '6845', '1353565909800718337');
INSERT INTO `marea` VALUES ('1354449285978050562', '2', '1571', '8603', '1353237205321003010');
INSERT INTO `marea` VALUES ('1354449286363926529', '2', '480', '515', '1353566232539828225');
INSERT INTO `marea` VALUES ('1354449286741413889', '3', '893', '5327', '1353566171617562626');
INSERT INTO `marea` VALUES ('1354449287131484161', '3', '1688', '3100', '1353237205321003010');
INSERT INTO `marea` VALUES ('1354449287517360130', '1', '596', '8487', '1353237205321003010');
INSERT INTO `marea` VALUES ('1354449287903236097', '3', '1777', '11542', '1353566232539828225');
INSERT INTO `marea` VALUES ('1354449288293306369', '4', '1879', '5097', '1353565909800718337');
INSERT INTO `marea` VALUES ('1354449288674988034', '2', '1727', '3039', '1353566007351840770');

-- ----------------------------
-- Table structure for `mbody`
-- ----------------------------
DROP TABLE IF EXISTS `mbody`;
CREATE TABLE `mbody` (
  `mbody_id` bigint(20) NOT NULL COMMENT '检测体编号',
  `mbody_name` varchar(50) NOT NULL COMMENT '监测体名称',
  `mbody_type` varchar(20) NOT NULL COMMENT '监测体类型',
  `mbody_status` varchar(20) NOT NULL COMMENT '监测体状态',
  `mbody_is_section` int(1) NOT NULL COMMENT '是否区段(0代表不是，1代表是)',
  `mbody_begin` bigint(20) NOT NULL COMMENT '起始里程',
  `mbody_end` bigint(20) NOT NULL COMMENT '结束里程',
  `project_id` bigint(20) DEFAULT NULL COMMENT '所属项目id',
  PRIMARY KEY (`mbody_id`) USING BTREE
) ENGINE=InnoDB DEFAULT CHARSET=utf8mb4 ROW_FORMAT=DYNAMIC COMMENT='监测体表';

-- ----------------------------
-- Records of mbody
-- ----------------------------
INSERT INTO `mbody` VALUES ('1354076920945336322', '监测体53a57831-d8da-4e08-b6d6-d311eb03565e', '监测体类型1', '状态1', '1', '755', '818', '1353237205321003010');
INSERT INTO `mbody` VALUES ('1354076921394126850', '监测体a6521f5c-a9fe-40f3-9297-833e9158df26', '监测体类型4', '状态2', '0', '190', '1605', '1353566232539828225');
INSERT INTO `mbody` VALUES ('1354076921842917378', '监测体962b67b0-17a5-4827-842f-3f4904bae6ac', '监测体类型0', '状态3', '0', '1198', '1228', '1353566171617562626');
INSERT INTO `mbody` VALUES ('1354076922283319298', '监测体b72d0690-4cfc-42f7-b3b6-58928e5f4667', '监测体类型3', '状态1', '1', '318', '742', '1353565909800718337');
INSERT INTO `mbody` VALUES ('1354076922723721217', '监测体0c033960-1e3e-452e-a7a3-f918123aa5b6', '监测体类型2', '状态2', '0', '916', '1056', '1353565909800718337');
INSERT INTO `mbody` VALUES ('1354076923176706050', '监测体807b1861-aa4b-4b41-a01d-053fc33593bf', '监测体类型3', '状态3', '0', '1537', '1617', '1353565909800718337');
INSERT INTO `mbody` VALUES ('1354076923621302274', '监测体d96225f9-8a5e-463b-8dd1-427e8645ec49', '监测体类型0', '状态1', '1', '331', '1163', '1353237205321003010');
INSERT INTO `mbody` VALUES ('1354076924057509889', '监测体15315f32-c8fd-4742-80f7-4d70ad5e4a32', '监测体类型3', '状态2', '1', '216', '2118', '1353565909800718337');
INSERT INTO `mbody` VALUES ('1354076924506300417', '监测体d75d0fea-9393-49d4-bbf0-31158ec45be5', '监测体类型2', '状态3', '1', '137', '373', '1353566171617562626');
INSERT INTO `mbody` VALUES ('1354076924946702338', '监测体105bdcd0-3322-4a86-b3b5-c6e7454906d4', '监测体类型2', '状态1', '0', '509', '2249', '1353237205321003010');
INSERT INTO `mbody` VALUES ('1354076925387104258', '监测体6360eee5-5714-4fa3-8195-3f696d5e7627', '监测体类型0', '状态2', '0', '703', '1414', '1353566171617562626');
INSERT INTO `mbody` VALUES ('1354076925831700482', '监测体a9aa8365-76a6-410a-87fb-064b180643cc', '监测体类型4', '状态3', '0', '702', '1272', '1353566232539828225');
INSERT INTO `mbody` VALUES ('1354076926267908097', '监测体99fa8583-4c14-40d2-8885-8b4a811d4a15', '监测体类型1', '状态1', '0', '1217', '1359', '1353566007351840770');
INSERT INTO `mbody` VALUES ('1354076926712504322', '监测体d9e54628-a3c7-45a5-b88e-125ca848029a', '监测体类型2', '状态2', '0', '1387', '1865', '1353566007351840770');
INSERT INTO `mbody` VALUES ('1354076927152906241', '监测体255c3e38-835e-4a22-9739-7e283051c1fd', '监测体类型2', '状态3', '0', '1919', '3724', '1353237205321003010');
INSERT INTO `mbody` VALUES ('1354076927601696770', '监测体86dfa86d-1c90-4c71-b97b-a6ce37644af6', '监测体类型2', '状态1', '1', '1849', '2081', '1353566007351840770');
INSERT INTO `mbody` VALUES ('1354076928050487298', '监测体f3786a10-60f5-4bb6-b37c-6106a244b918', '监测体类型3', '状态2', '1', '1646', '2361', '1353566007351840770');
INSERT INTO `mbody` VALUES ('1354076928486694913', '监测体2ebb046d-5c5c-47e4-8aad-c5bf203da7c8', '监测体类型3', '状态3', '1', '1859', '2845', '1353237205321003010');
INSERT INTO `mbody` VALUES ('1354076928931291137', '监测体2a2e561e-57fc-4f8f-9d17-3651ef35ead0', '监测体类型4', '状态1', '1', '1588', '2246', '1353566232539828225');
INSERT INTO `mbody` VALUES ('1354076929371693058', '监测体badf368f-bd8b-42dd-8124-189e947c12fa', '监测体类型1', '状态2', '1', '1250', '1740', '1353237205321003010');
INSERT INTO `mbody` VALUES ('1354076929812094978', '监测体3c7abc2a-35a6-412a-8f78-4c32fb8b9c8e', '监测体类型1', '状态3', '1', '478', '755', '1353565909800718337');
INSERT INTO `mbody` VALUES ('1354076930248302593', '监测体9fe0f1ee-4c7e-4f59-9a55-1b60e6691217', '监测体类型1', '状态1', '1', '468', '1490', '1353566232539828225');
INSERT INTO `mbody` VALUES ('1354076930688704514', '监测体3a1d0479-1099-41ab-849b-6ee9a5ecfea2', '监测体类型1', '状态2', '0', '1347', '2365', '1353566171617562626');
INSERT INTO `mbody` VALUES ('1354076931129106433', '监测体46cf1152-9a37-449c-8f2f-fc25c979d7ba', '监测体类型2', '状态3', '1', '355', '2093', '1353566007351840770');
INSERT INTO `mbody` VALUES ('1354076931569508354', '监测体46b52881-085c-4082-8bec-f691c0592487', '监测体类型4', '状态1', '1', '692', '2460', '1353566232539828225');
INSERT INTO `mbody` VALUES ('1354076932014104577', '监测体b1a87f04-7eb4-47fd-ba66-98e2a9800bc5', '监测体类型1', '状态2', '0', '814', '926', '1353237205321003010');
INSERT INTO `mbody` VALUES ('1354076932450312193', '监测体ce6e2447-99af-4419-8030-79f1b447eb4e', '监测体类型2', '状态3', '1', '1193', '1324', '1353566232539828225');
INSERT INTO `mbody` VALUES ('1354076932899102721', '监测体5a221f05-898d-499a-a1b7-aef48b4ce7d1', '监测体类型2', '状态1', '1', '1080', '1478', '1353565909800718337');
INSERT INTO `mbody` VALUES ('1354076933339504642', '监测体f226aadc-b935-4f72-bc91-6921beca0094', '监测体类型2', '状态2', '0', '54', '199', '1353566232539828225');
INSERT INTO `mbody` VALUES ('1354076933784100865', '监测体7f331380-2d7a-4426-a14c-4a83eee1e8a1', '监测体类型0', '状态3', '0', '1037', '1967', '1353237205321003010');
INSERT INTO `mbody` VALUES ('1354076934216114177', '监测体00052da0-cef6-4075-b898-d7407150eaa3', '监测体类型2', '状态1', '0', '915', '2538', '1353566232539828225');
INSERT INTO `mbody` VALUES ('1354076934664904705', '监测体6707da33-3b54-4b9f-a46b-2ec8b969f58f', '监测体类型1', '状态2', '0', '1058', '1846', '1353566171617562626');
INSERT INTO `mbody` VALUES ('1354076935096918017', '监测体a7a64e67-1e0c-4535-b3cb-77e2813c58b0', '监测体类型4', '状态3', '1', '1457', '1595', '1353566171617562626');
INSERT INTO `mbody` VALUES ('1354076935541514241', '监测体9d1480ef-e174-4b54-9e2a-4b2f40dac9fb', '监测体类型4', '状态1', '1', '1124', '2676', '1353566171617562626');
INSERT INTO `mbody` VALUES ('1354076935981916162', '监测体df19a27b-3382-4dd2-8c9d-93d6aecf741a', '监测体类型0', '状态2', '0', '748', '2118', '1353566232539828225');
INSERT INTO `mbody` VALUES ('1354076936422318081', '监测体d98b103b-cebc-46c4-b784-4e6b26f82714', '监测体类型3', '状态3', '0', '248', '1142', '1353237205321003010');
INSERT INTO `mbody` VALUES ('1354076936858525697', '监测体69178896-8274-4e0d-ab65-5f667f73919c', '监测体类型4', '状态1', '1', '1159', '1909', '1353566171617562626');
INSERT INTO `mbody` VALUES ('1354076937303121922', '监测体516bda3f-69ec-4a54-93e5-5ad17581115e', '监测体类型0', '状态2', '0', '611', '910', '1353566232539828225');
INSERT INTO `mbody` VALUES ('1354076937743523841', '监测体2285da26-eb6e-4136-9988-2d69d48650c6', '监测体类型2', '状态3', '1', '1441', '2481', '1353566232539828225');
INSERT INTO `mbody` VALUES ('1354076938192314370', '监测体8ea6c7fe-0924-4caf-b445-4dae80e3ab9c', '监测体类型3', '状态1', '1', '602', '1809', '1353565909800718337');
INSERT INTO `mbody` VALUES ('1354448004232310786', '监测体12a9241b-9a86-4fab-97f4-07147db588d0', '监测体类型1', '状态1', '1', '134', '167', '1353565909800718337');
INSERT INTO `mbody` VALUES ('1354448004660129794', '监测体d11584b4-1b48-4653-8833-41a80526b111', '监测体类型4', '状态2', '0', '190', '718', '1353566232539828225');
INSERT INTO `mbody` VALUES ('1354448005079560194', '监测体91a8ebf9-f2e9-410b-8abb-9a0d215cb15e', '监测体类型2', '状态3', '1', '1043', '1600', '1353565909800718337');
INSERT INTO `mbody` VALUES ('1354448005507379202', '监测体e29b8e42-5ec6-4542-99d7-b8fcd3ae5bb1', '监测体类型4', '状态1', '0', '1966', '3303', '1353565909800718337');
INSERT INTO `mbody` VALUES ('1354448005935198210', '监测体d1593105-45a5-48cb-a555-e1336c5797e4', '监测体类型4', '状态2', '0', '323', '1766', '1353566232539828225');
INSERT INTO `mbody` VALUES ('1354448006358822913', '监测体028a559e-1931-43f3-8fd1-eca9e6f99e27', '监测体类型1', '状态3', '0', '1000', '2608', '1353566171617562626');
INSERT INTO `mbody` VALUES ('1354448006786641921', '监测体cd7be44c-d346-4845-b469-c6879782bcf9', '监测体类型3', '状态1', '1', '1136', '2370', '1353566171617562626');
INSERT INTO `mbody` VALUES ('1354448007214460930', '监测体76f3cedf-be36-4268-98d4-662a1d149203', '监测体类型0', '状态2', '1', '1780', '2876', '1353566171617562626');
INSERT INTO `mbody` VALUES ('1354448007646474242', '监测体5860a901-9eca-4a28-b62b-724e5f2b7a15', '监测体类型4', '状态3', '1', '961', '1864', '1353565909800718337');
INSERT INTO `mbody` VALUES ('1354448008065904642', '监测体79d95abb-4d8e-404b-9fb0-946bfbb3ba82', '监测体类型4', '状态1', '1', '275', '1937', '1353565909800718337');
INSERT INTO `mbody` VALUES ('1354448008489529345', '监测体ac0bc5bb-410a-4d48-ab31-883f488b4efa', '监测体类型4', '状态2', '0', '1338', '3057', '1353566232539828225');
INSERT INTO `mbody` VALUES ('1354448008913154050', '监测体109fc7b1-cd8d-4b23-b929-e2fc8680b367', '监测体类型3', '状态3', '1', '1777', '1926', '1353237205321003010');
INSERT INTO `mbody` VALUES ('1354448009332584449', '监测体5e81f75f-9bca-4673-80dd-5b41cb016d3e', '监测体类型1', '状态1', '0', '861', '878', '1353237205321003010');
INSERT INTO `mbody` VALUES ('1354448009764597761', '监测体7cd3b6b5-14ef-4ac1-9eb3-9182a4bed971', '监测体类型0', '状态2', '1', '1211', '1846', '1353237205321003010');
INSERT INTO `mbody` VALUES ('1354448010184028162', '监测体d7716cf6-fa8a-4c59-bfb4-548584cf2706', '监测体类型0', '状态3', '1', '444', '1199', '1353565909800718337');
INSERT INTO `mbody` VALUES ('1354448010603458562', '监测体5cc23d31-a930-47a8-9ff2-7b69f1dd883a', '监测体类型3', '状态1', '0', '345', '1411', '1353566171617562626');
INSERT INTO `mbody` VALUES ('1354448011031277569', '监测体0644735e-d588-47d2-afd4-124488d3b8af', '监测体类型1', '状态2', '0', '1432', '2052', '1353566007351840770');
INSERT INTO `mbody` VALUES ('1354448011450707970', '监测体6409d7f7-b8c1-4ca5-ad3b-ea92d5e0ea36', '监测体类型0', '状态3', '1', '202', '277', '1353237205321003010');
INSERT INTO `mbody` VALUES ('1354448011874332674', '监测体c5907156-f46c-49cf-8966-174dc200a66c', '监测体类型2', '状态1', '0', '1895', '3206', '1353566007351840770');
INSERT INTO `mbody` VALUES ('1354448012293763074', '监测体99ea841a-ba2c-476f-aae7-33d7ea62fe84', '监测体类型2', '状态2', '0', '336', '1131', '1353566007351840770');
INSERT INTO `mbody` VALUES ('1354448012721582081', '监测体1161dd83-f221-4008-a170-0f62e4f63bca', '监测体类型4', '状态3', '1', '848', '2237', '1353566171617562626');
INSERT INTO `mbody` VALUES ('1354448013145206785', '监测体38b2b813-5012-4d4a-9450-b053109b1e75', '监测体类型4', '状态1', '0', '498', '1750', '1353237205321003010');
INSERT INTO `mbody` VALUES ('1354448013568831489', '监测体1a47340b-0ee0-43b1-bf96-61f7f3fdf6a8', '监测体类型1', '状态2', '1', '935', '947', '1353566007351840770');
INSERT INTO `mbody` VALUES ('1354448013988261890', '监测体fa0aa927-607f-4b7c-98ae-9a3c8a184182', '监测体类型0', '状态3', '1', '411', '2313', '1353237205321003010');
INSERT INTO `mbody` VALUES ('1354448014411886593', '监测体9d17be31-7f2b-443a-aad0-14c77c4639b5', '监测体类型0', '状态1', '1', '1014', '1835', '1353566007351840770');
INSERT INTO `mbody` VALUES ('1354448014835511298', '监测体be67854e-e123-4588-a36d-0d50507d18d8', '监测体类型2', '状态2', '0', '567', '1719', '1353566171617562626');
INSERT INTO `mbody` VALUES ('1354448015263330305', '监测体b1bc5748-af7a-4e39-8e4a-8a3b97c9e00c', '监测体类型4', '状态3', '0', '943', '1777', '1353565909800718337');
INSERT INTO `mbody` VALUES ('1354448015682760705', '监测体6480d77f-e2a5-4046-90c2-25bca22b315a', '监测体类型2', '状态1', '1', '1888', '2249', '1353237205321003010');
INSERT INTO `mbody` VALUES ('1354448016106385410', '监测体2be96d1b-d2f2-43b6-9af0-6058061ff67a', '监测体类型2', '状态2', '1', '382', '1119', '1353565909800718337');
INSERT INTO `mbody` VALUES ('1354448016530010113', '监测体ec4eedb3-08a3-47bc-bad0-1a87ddb85ea4', '监测体类型3', '状态3', '1', '1015', '1953', '1353566232539828225');
INSERT INTO `mbody` VALUES ('1354448016949440513', '监测体943de3f0-719b-4ad4-a878-f94e0b8f54ac', '监测体类型4', '状态1', '1', '117', '1482', '1353566171617562626');
INSERT INTO `mbody` VALUES ('1354448017377259521', '监测体1d006fea-ca78-4128-b896-0e212bad30e9', '监测体类型3', '状态2', '0', '989', '1063', '1353566007351840770');
INSERT INTO `mbody` VALUES ('1354448017792495618', '监测体bbc9af12-191c-44a2-97d7-fb55ba25a486', '监测体类型3', '状态3', '0', '1190', '1990', '1353566171617562626');
INSERT INTO `mbody` VALUES ('1354448018220314626', '监测体e0242e50-b605-4f44-8fa8-af9201cf19cc', '监测体类型3', '状态1', '1', '1449', '2734', '1353566171617562626');
INSERT INTO `mbody` VALUES ('1354448018648133633', '监测体7fafeac2-6289-4947-a41f-243584c5122c', '监测体类型3', '状态2', '1', '1400', '2605', '1353566171617562626');
INSERT INTO `mbody` VALUES ('1354448019067564033', '监测体905c1849-7a2b-44f0-8b9e-c823261d62b6', '监测体类型4', '状态3', '0', '1922', '3154', '1353237205321003010');
INSERT INTO `mbody` VALUES ('1354448019486994433', '监测体de50b433-d290-4679-ba51-e93624838657', '监测体类型1', '状态1', '1', '1567', '3247', '1353566007351840770');
INSERT INTO `mbody` VALUES ('1354448019906424834', '监测体89a9768a-8ff4-4dcb-8d67-fc1743737864', '监测体类型0', '状态2', '0', '559', '1976', '1353565909800718337');
INSERT INTO `mbody` VALUES ('1354448020330049538', '监测体0fa18d5a-68b1-4aae-80f4-1698e59d7ae8', '监测体类型3', '状态3', '1', '335', '1553', '1353237205321003010');
INSERT INTO `mbody` VALUES ('1354448020753674242', '监测体6f1cf70e-3ebe-472e-ac4b-c3a6d4c58daa', '监测体类型1', '状态1', '0', '284', '676', '1353565909800718337');
INSERT INTO `mbody` VALUES ('1354448553006604289', '监测体5bfe50e1-e6b4-404c-88f5-646164c369f1', '监测体类型2', '状态1', '0', '730', '1775', '1353237205321003010');
INSERT INTO `mbody` VALUES ('1354448553354731521', '监测体7a33e963-85eb-4bc5-b1bd-885f90a16abc', '监测体类型4', '状态2', '1', '1522', '1883', '1353565909800718337');
INSERT INTO `mbody` VALUES ('1354448553698664450', '监测体34ce4132-0272-4225-bca2-7f5cc476cda6', '监测体类型1', '状态3', '0', '1236', '2663', '1353566232539828225');
INSERT INTO `mbody` VALUES ('1354448554046791682', '监测体2a0e39b6-9993-42b2-90c1-c8aa18bb7eb7', '监测体类型3', '状态1', '0', '770', '1638', '1353237205321003010');
INSERT INTO `mbody` VALUES ('1354448554390724609', '监测体07cea690-c3a4-4f3c-8421-389ea99ad3b1', '监测体类型0', '状态2', '1', '1907', '2156', '1353566171617562626');
INSERT INTO `mbody` VALUES ('1354448554743046145', '监测体001816f2-db31-4416-8101-9c1155cba8a8', '监测体类型1', '状态3', '1', '463', '622', '1353566007351840770');
INSERT INTO `mbody` VALUES ('1354448555086979073', '监测体6d653c43-d7a3-466e-9b61-1e358ea87c7a', '监测体类型2', '状态1', '0', '119', '319', '1353565909800718337');
INSERT INTO `mbody` VALUES ('1354448555435106305', '监测体f51614a6-2c3a-4dbc-8c54-ebffb1c675fb', '监测体类型4', '状态2', '0', '1238', '2055', '1353566007351840770');
INSERT INTO `mbody` VALUES ('1354448555783233538', '监测体aba64b6f-efab-43d0-8ea7-edd59eb582d2', '监测体类型1', '状态3', '1', '1953', '2987', '1353565909800718337');
INSERT INTO `mbody` VALUES ('1354448556127166466', '监测体ecd63ae2-311e-4401-9d84-ef97001a77c6', '监测体类型3', '状态1', '0', '720', '2367', '1353566232539828225');
INSERT INTO `mbody` VALUES ('1354448556475293697', '监测体b0e1c6b1-fa4c-4478-a52d-4819cb071180', '监测体类型4', '状态2', '1', '1857', '1910', '1353565909800718337');
INSERT INTO `mbody` VALUES ('1354448556819226625', '监测体78ebf8e3-c935-45a5-ae75-bdef5493ce54', '监测体类型4', '状态3', '1', '457', '851', '1353566007351840770');
INSERT INTO `mbody` VALUES ('1354448557163159554', '监测体9712c29a-a887-4408-813a-1869076b604e', '监测体类型4', '状态1', '0', '36', '1016', '1353566171617562626');
INSERT INTO `mbody` VALUES ('1354448557511286786', '监测体93caaa53-11c3-4b6f-b231-a1fa5659c21b', '监测体类型0', '状态2', '1', '1586', '3480', '1353237205321003010');
INSERT INTO `mbody` VALUES ('1354448557855219714', '监测体4fb30be0-6fbe-4439-98ca-efcb6e73202c', '监测体类型2', '状态3', '0', '79', '1977', '1353566171617562626');
INSERT INTO `mbody` VALUES ('1354448558199152641', '监测体7ad80d63-70d7-4666-addc-9e29c68cbecf', '监测体类型2', '状态1', '1', '572', '1447', '1353566007351840770');
INSERT INTO `mbody` VALUES ('1354448558551474178', '监测体48595f9b-cfc3-4c2a-b64e-e916bbdb4c4b', '监测体类型2', '状态2', '1', '1825', '3377', '1353566171617562626');
INSERT INTO `mbody` VALUES ('1354448558895407106', '监测体28c28953-410d-4ec0-852b-a2937d49ce7c', '监测体类型0', '状态3', '0', '271', '1426', '1353237205321003010');
INSERT INTO `mbody` VALUES ('1354448559239340034', '监测体3351fcb8-0914-45f4-909a-07405d5bea91', '监测体类型4', '状态1', '1', '1439', '3145', '1353566007351840770');
INSERT INTO `mbody` VALUES ('1354448559583272961', '监测体bc4a8762-931c-4823-a71e-d14e297a8648', '监测体类型3', '状态2', '1', '193', '1119', '1353566171617562626');
INSERT INTO `mbody` VALUES ('1354448559931400194', '监测体b5674456-63b6-4dee-b1a8-1fb827298eb1', '监测体类型3', '状态3', '1', '666', '1092', '1353566171617562626');
INSERT INTO `mbody` VALUES ('1354448560279527425', '监测体ca9e1885-1476-4a1c-bfbe-733c6f6befa0', '监测体类型3', '状态1', '0', '828', '933', '1353566007351840770');
INSERT INTO `mbody` VALUES ('1354448560623460353', '监测体2aaffa6d-ab7e-4092-9d37-84601dc39cb9', '监测体类型2', '状态2', '0', '651', '1604', '1353237205321003010');
INSERT INTO `mbody` VALUES ('1354448560967393282', '监测体03eda1fe-4082-4d40-92ac-e1b64afc77c2', '监测体类型1', '状态3', '1', '1519', '2144', '1353566171617562626');
INSERT INTO `mbody` VALUES ('1354448561311326210', '监测体60d9e3c7-a88a-4b83-bedd-f4c6f56e4cf5', '监测体类型4', '状态1', '1', '78', '1951', '1353237205321003010');
INSERT INTO `mbody` VALUES ('1354448561655259138', '监测体5bf0fe54-e472-4e4c-9a7f-0a77f3403f1f', '监测体类型3', '状态2', '0', '1006', '1859', '1353566171617562626');
INSERT INTO `mbody` VALUES ('1354448562003386370', '监测体80736d28-bd8b-4124-a0c4-df0edf00119d', '监测体类型4', '状态3', '1', '945', '1265', '1353565909800718337');
INSERT INTO `mbody` VALUES ('1354448562343124993', '监测体6f388834-c168-407c-9822-2f0bf46f6c45', '监测体类型0', '状态1', '0', '69', '109', '1353565909800718337');
INSERT INTO `mbody` VALUES ('1354448562691252225', '监测体9e39a713-4f76-4d73-9691-38fb21488f72', '监测体类型0', '状态2', '0', '1370', '2504', '1353237205321003010');
INSERT INTO `mbody` VALUES ('1354448563035185154', '监测体d42385ef-c83c-44b4-85be-085f4d0e7d16', '监测体类型0', '状态3', '1', '728', '1141', '1353565909800718337');
INSERT INTO `mbody` VALUES ('1354448563379118082', '监测体8a113324-1901-480d-9a04-bddd27fff87f', '监测体类型2', '状态1', '0', '529', '660', '1353566007351840770');
INSERT INTO `mbody` VALUES ('1354448563723051009', '监测体a28e4433-0f11-4da1-bd8d-bc554649d1ff', '监测体类型0', '状态2', '0', '1275', '2102', '1353237205321003010');
INSERT INTO `mbody` VALUES ('1354448564071178242', '监测体bf4a37a5-957e-4387-acf0-3c014f8a27ff', '监测体类型0', '状态3', '0', '1323', '2983', '1353565909800718337');
INSERT INTO `mbody` VALUES ('1354448564419305474', '监测体6e1b884e-e22b-47d6-8b7d-e3b83214b0a3', '监测体类型0', '状态1', '0', '1088', '3058', '1353565909800718337');
INSERT INTO `mbody` VALUES ('1354448564754849794', '监测体fdd86c3a-33ad-4f8b-999e-658b6c3b73cc', '监测体类型0', '状态2', '0', '404', '524', '1353566007351840770');
INSERT INTO `mbody` VALUES ('1354448565098782721', '监测体81980dc9-a106-4b54-b65c-8c7effab1cca', '监测体类型3', '状态3', '0', '1522', '2831', '1353566007351840770');
INSERT INTO `mbody` VALUES ('1354448565446909953', '监测体34b747b8-106a-4196-867d-15983bc352f7', '监测体类型0', '状态1', '0', '161', '168', '1353237205321003010');
INSERT INTO `mbody` VALUES ('1354448565790842881', '监测体a13e29a2-3fd7-4549-b79e-9582f3f10d99', '监测体类型1', '状态2', '0', '176', '1876', '1353566007351840770');
INSERT INTO `mbody` VALUES ('1354448566138970114', '监测体16d21314-a125-4811-bbec-6af0efa0f8cf', '监测体类型1', '状态3', '0', '1638', '2511', '1353566232539828225');
INSERT INTO `mbody` VALUES ('1354448566478708738', '监测体38b3d54a-dddb-492c-8bf1-4323b2fc13c3', '监测体类型3', '状态1', '0', '1820', '2455', '1353566007351840770');
INSERT INTO `mbody` VALUES ('1354449289304133634', '监测体91cff7f8-78b2-4266-b111-a23ffcc89aaa', '监测体类型2', '状态1', '0', '175', '462', '1353566171617562626');
INSERT INTO `mbody` VALUES ('1354449289690009602', '监测体d4239a90-42cc-4a8b-a923-d1c9abdbed1d', '监测体类型1', '状态2', '0', '690', '1778', '1353237205321003010');
INSERT INTO `mbody` VALUES ('1354449290084274178', '监测体ad4ef881-27cf-46c8-aef8-704c5c8b6147', '监测体类型4', '状态3', '1', '496', '1183', '1353565909800718337');
INSERT INTO `mbody` VALUES ('1354449290465955842', '监测体02dfb4fe-253a-43ac-84b1-ae977d4083cb', '监测体类型0', '状态1', '1', '1429', '1913', '1353237205321003010');
INSERT INTO `mbody` VALUES ('1354449290856026114', '监测体697d288d-1d09-4552-ae56-a7e58b7dbb4b', '监测体类型1', '状态2', '1', '256', '542', '1353566171617562626');
INSERT INTO `mbody` VALUES ('1354449291246096386', '监测体4a89df59-f672-4a25-b409-dfbf7039ec08', '监测体类型3', '状态3', '0', '1987', '3131', '1353566007351840770');
INSERT INTO `mbody` VALUES ('1354449291631972353', '监测体3791ca32-fcbe-4d9a-a003-c788293075db', '监测体类型0', '状态1', '0', '1923', '2409', '1353566007351840770');
INSERT INTO `mbody` VALUES ('1354449292022042626', '监测体6181d278-1feb-45f1-a31d-04162aa645db', '监测体类型4', '状态2', '0', '1513', '2105', '1353565909800718337');
INSERT INTO `mbody` VALUES ('1354449292407918593', '监测体eebf8bf5-7e41-42aa-85f0-637a4d728bcc', '监测体类型3', '状态3', '1', '1081', '1266', '1353566007351840770');
INSERT INTO `mbody` VALUES ('1354449292797988865', '监测体4c0103bd-5aee-49bc-9d9c-29df0173f99f', '监测体类型0', '状态1', '0', '1763', '3402', '1353566171617562626');
INSERT INTO `mbody` VALUES ('1354449293179670530', '监测体a2265f69-6ef2-4326-8c74-f6c5052185ff', '监测体类型1', '状态2', '0', '1335', '1380', '1353566232539828225');
INSERT INTO `mbody` VALUES ('1354449293569740802', '监测体3f3dd6cf-2c89-40a5-97fb-e62142205862', '监测体类型2', '状态3', '1', '996', '2344', '1353566232539828225');
INSERT INTO `mbody` VALUES ('1354449293955616770', '监测体74a5b742-6257-4112-943a-79986048dce3', '监测体类型4', '状态1', '1', '426', '1133', '1353566232539828225');
INSERT INTO `mbody` VALUES ('1354449294341492738', '监测体d482420c-e639-4bb6-82b9-0b6a63f187d8', '监测体类型3', '状态2', '0', '1282', '2786', '1353565909800718337');
INSERT INTO `mbody` VALUES ('1354449294731563010', '监测体46e3f65c-b972-401d-8eae-4fe39fd6ba21', '监测体类型0', '状态3', '0', '1122', '2389', '1353566007351840770');
INSERT INTO `mbody` VALUES ('1354449295113244674', '监测体0282bdb7-04ea-49ad-898c-4c496bc1763a', '监测体类型4', '状态1', '0', '828', '1198', '1353566171617562626');
INSERT INTO `mbody` VALUES ('1354449295499120642', '监测体da23f6ac-b837-4313-8a72-b94774b2579a', '监测体类型2', '状态2', '0', '873', '1663', '1353237205321003010');
INSERT INTO `mbody` VALUES ('1354449295889190914', '监测体ba4d8716-e8ed-49d6-b17e-dda94924b8bc', '监测体类型1', '状态3', '1', '271', '509', '1353566007351840770');
INSERT INTO `mbody` VALUES ('1354449296275066882', '监测体d3431065-ce84-440e-9faa-3d00c7f5e3e0', '监测体类型2', '状态1', '0', '1136', '2650', '1353566171617562626');
INSERT INTO `mbody` VALUES ('1354449296660942850', '监测体35a6f04f-9095-4314-8933-b60d6e7db56b', '监测体类型2', '状态2', '1', '1939', '3472', '1353565909800718337');
INSERT INTO `mbody` VALUES ('1354449297046818817', '监测体20767575-58ab-425b-ab29-af171a3f3e71', '监测体类型0', '状态3', '0', '977', '1074', '1353566171617562626');
INSERT INTO `mbody` VALUES ('1354449297428500482', '监测体28d6452b-778f-40eb-a651-0fb3f25b45d4', '监测体类型4', '状态1', '1', '589', '635', '1353566007351840770');
INSERT INTO `mbody` VALUES ('1354449297814376450', '监测体48c32206-f57e-4ad6-b56b-5c75e953daa3', '监测体类型4', '状态2', '1', '1506', '2394', '1353237205321003010');
INSERT INTO `mbody` VALUES ('1354449298204446722', '监测体0bbe94ab-5491-47cf-b581-27aac74237c3', '监测体类型3', '状态3', '1', '1465', '1978', '1353566171617562626');
INSERT INTO `mbody` VALUES ('1354449298586128385', '监测体184e9fbc-eb2f-4c27-81d9-92feb1532950', '监测体类型1', '状态1', '0', '823', '1125', '1353566007351840770');
INSERT INTO `mbody` VALUES ('1354449298967810050', '监测体95f4bcb0-9119-4bf3-8af4-d952a68e8e43', '监测体类型1', '状态2', '0', '1089', '2600', '1353565909800718337');
INSERT INTO `mbody` VALUES ('1354449299353686018', '监测体b7b02106-b20c-4350-acd6-de005e2ddf18', '监测体类型0', '状态3', '0', '118', '145', '1353237205321003010');
INSERT INTO `mbody` VALUES ('1354449299743756290', '监测体3535581b-d5c6-4159-93eb-2778d8111fa6', '监测体类型0', '状态1', '0', '1809', '2494', '1353566232539828225');
INSERT INTO `mbody` VALUES ('1354449300129632257', '监测体de93786e-c5f4-4626-a6a0-fd71fdf95e4d', '监测体类型0', '状态2', '0', '24', '1211', '1353566171617562626');
INSERT INTO `mbody` VALUES ('1354449300507119617', '监测体9ef5a9eb-e3a4-4ba7-96dc-74793ca0f8f2', '监测体类型0', '状态3', '0', '1619', '2678', '1353237205321003010');
INSERT INTO `mbody` VALUES ('1354449300892995586', '监测体03e9189e-0891-44e4-b650-2ba364ebf857', '监测体类型2', '状态1', '0', '1297', '2474', '1353566171617562626');
INSERT INTO `mbody` VALUES ('1354449301283065857', '监测体99abe23b-0558-4762-b04b-f44de405ef46', '监测体类型1', '状态2', '0', '1550', '2206', '1353566232539828225');
INSERT INTO `mbody` VALUES ('1354449301673136130', '监测体b73eec08-0b40-4fbe-9118-82b844be434f', '监测体类型3', '状态3', '0', '687', '1393', '1353566007351840770');
INSERT INTO `mbody` VALUES ('1354449302054817794', '监测体1c046044-6ddd-4210-bdbb-580a7643a2eb', '监测体类型0', '状态1', '0', '72', '1752', '1353566232539828225');
INSERT INTO `mbody` VALUES ('1354449302440693762', '监测体9138ed64-5ff8-429b-9c7b-85d96feb17ce', '监测体类型2', '状态2', '1', '1912', '2891', '1353566007351840770');
INSERT INTO `mbody` VALUES ('1354449302826569729', '监测体a4201746-b75b-4ae8-bdc7-9ea12a6214bf', '监测体类型3', '状态3', '0', '1834', '3372', '1353566232539828225');
INSERT INTO `mbody` VALUES ('1354449303216640002', '监测体ec7398ef-3e04-4816-8a5b-208b39a108ab', '监测体类型2', '状态1', '1', '482', '1313', '1353566232539828225');
INSERT INTO `mbody` VALUES ('1354449303594127362', '监测体b51145fd-7d20-4982-ae63-4643fbce1a00', '监测体类型1', '状态2', '1', '1595', '1820', '1353565909800718337');
INSERT INTO `mbody` VALUES ('1354449303984197634', '监测体d13e45d0-eeba-42e6-88ca-413bd1cb1b42', '监测体类型3', '状态3', '1', '1868', '3474', '1353566171617562626');
INSERT INTO `mbody` VALUES ('1354449304370073602', '监测体6d0f517a-7eba-4fb7-9508-514fe3b3c93c', '监测体类型2', '状态1', '1', '419', '1181', '1353566171617562626');

-- ----------------------------
-- Table structure for `mbody_type`
-- ----------------------------
DROP TABLE IF EXISTS `mbody_type`;
CREATE TABLE `mbody_type` (
  `mBody_type_id` bigint(20) unsigned zerofill NOT NULL AUTO_INCREMENT COMMENT '监测体类型编号',
  `mBody_type` varchar(50) NOT NULL COMMENT '监测体类型名称',
  PRIMARY KEY (`mBody_type_id`) USING BTREE,
  UNIQUE KEY `name` (`mBody_type`) USING BTREE
) ENGINE=InnoDB AUTO_INCREMENT=11 DEFAULT CHARSET=utf8mb4 ROW_FORMAT=DYNAMIC COMMENT='监测体类型表';

-- ----------------------------
-- Records of mbody_type
-- ----------------------------
INSERT INTO `mbody_type` VALUES ('00000000000000000001', '监测体类型0');
INSERT INTO `mbody_type` VALUES ('00000000000000000002', '监测体类型1');
INSERT INTO `mbody_type` VALUES ('00000000000000000003', '监测体类型2');
INSERT INTO `mbody_type` VALUES ('00000000000000000004', '监测体类型3');
INSERT INTO `mbody_type` VALUES ('00000000000000000005', '监测体类型4');
INSERT INTO `mbody_type` VALUES ('00000000000000000006', '监测体类型5');
INSERT INTO `mbody_type` VALUES ('00000000000000000007', '监测体类型6');
INSERT INTO `mbody_type` VALUES ('00000000000000000008', '监测体类型7');
INSERT INTO `mbody_type` VALUES ('00000000000000000009', '监测体类型8');
INSERT INTO `mbody_type` VALUES ('00000000000000000010', '监测体类型9');

-- ----------------------------
-- Table structure for `mdevice_conf`
-- ----------------------------
DROP TABLE IF EXISTS `mdevice_conf`;
CREATE TABLE `mdevice_conf` (
  `mdevice_conf_id` bigint(20) NOT NULL,
  `device_id` bigint(20) NOT NULL COMMENT '设备编号',
  `mpoint_id` bigint(20) NOT NULL COMMENT '监测点编号',
  PRIMARY KEY (`mdevice_conf_id`)
) ENGINE=InnoDB DEFAULT CHARSET=utf8mb4;

-- ----------------------------
-- Records of mdevice_conf
-- ----------------------------

-- ----------------------------
-- Table structure for `mpoint`
-- ----------------------------
DROP TABLE IF EXISTS `mpoint`;
CREATE TABLE `mpoint` (
  `mpoint_id` bigint(20) NOT NULL COMMENT '监测点编号',
  `mpoint_begin` bigint(20) NOT NULL COMMENT '起始里程',
  `mpoint_end` bigint(20) NOT NULL COMMENT '结束里程',
  `mpoint_type` bigint(20) NOT NULL COMMENT '监测点类型编号',
  `mpoint_is_section` int(1) NOT NULL COMMENT '是否区段(0表示不是，1表示是)',
  `project_id` bigint(20) DEFAULT NULL COMMENT '所属项目id',
  `mbody_id` bigint(20) DEFAULT NULL,
  PRIMARY KEY (`mpoint_id`) USING BTREE
) ENGINE=InnoDB DEFAULT CHARSET=utf8mb4 ROW_FORMAT=DYNAMIC;

-- ----------------------------
-- Records of mpoint
-- ----------------------------
INSERT INTO `mpoint` VALUES ('1354077720836886530', '78', '194', '2', '0', '1353566007351840770', '1354076926712504322');
INSERT INTO `mpoint` VALUES ('1354077721210179585', '154', '167', '4', '1', '1353566171617562626', '1354076924506300417');
INSERT INTO `mpoint` VALUES ('1354077721554112513', '10', '111', '-1', '1', '1353566171617562626', '1354076925387104258');
INSERT INTO `mpoint` VALUES ('1354077721898045442', '8', '247', '1', '0', '1353566171617562626', '1354076936858525697');
INSERT INTO `mpoint` VALUES ('1354077722229395457', '169', '343', '-2', '0', '1353565909800718337', '1354076929812094978');
INSERT INTO `mpoint` VALUES ('1354077722573328386', '54', '281', '0', '1', '1353237205321003010', '1354076927152906241');
INSERT INTO `mpoint` VALUES ('1354077722917261313', '105', '356', '4', '0', '1353565909800718337', '1354076922723721217');
INSERT INTO `mpoint` VALUES ('1354077723248611330', '121', '153', '-3', '1', '1353565909800718337', '1354076932899102721');
INSERT INTO `mpoint` VALUES ('1354077723592544258', '64', '214', '4', '0', '1353237205321003010', '1354076929371693058');
INSERT INTO `mpoint` VALUES ('1354077723932282881', '182', '267', '3', '1', '1353566232539828225', '1354076937303121922');
INSERT INTO `mpoint` VALUES ('1354077724276215809', '31', '329', '1', '0', '1353566232539828225', '1354076931569508354');
INSERT INTO `mpoint` VALUES ('1354077724615954433', '50', '63', '-3', '1', '1353566007351840770', '1354076926712504322');
INSERT INTO `mpoint` VALUES ('1354077724959887361', '9', '241', '5', '1', '1353566232539828225', '1354076937303121922');
INSERT INTO `mpoint` VALUES ('1354077725295431681', '85', '201', '1', '0', '1353566232539828225', '1354076937303121922');
INSERT INTO `mpoint` VALUES ('1354077725635170305', '48', '155', '-3', '1', '1353237205321003010', '1354076928486694913');
INSERT INTO `mpoint` VALUES ('1354077725979103233', '92', '367', '0', '1', '1353237205321003010', '1354076929371693058');
INSERT INTO `mpoint` VALUES ('1354077726310453250', '108', '382', '2', '0', '1353566171617562626', '1354076930688704514');
INSERT INTO `mpoint` VALUES ('1354077726650191874', '24', '138', '1', '0', '1353566232539828225', '1354076921394126850');
INSERT INTO `mpoint` VALUES ('1354077726989930497', '185', '269', '3', '0', '1353237205321003010', '1354076929371693058');
INSERT INTO `mpoint` VALUES ('1354077727329669122', '159', '314', '1', '0', '1353566232539828225', '1354076921394126850');
INSERT INTO `mpoint` VALUES ('1354077727673602049', '180', '315', '1', '1', '1353566171617562626', '1354076936858525697');
INSERT INTO `mpoint` VALUES ('1354077728017534978', '134', '389', '1', '1', '1353566232539828225', '1354076937303121922');
INSERT INTO `mpoint` VALUES ('1354077728365662210', '114', '317', '5', '1', '1353566232539828225', '1354076934216114177');
INSERT INTO `mpoint` VALUES ('1354077728713789442', '153', '333', '5', '0', '1353565909800718337', '1354076929812094978');
INSERT INTO `mpoint` VALUES ('1354077729049333762', '93', '218', '-3', '1', '1353566232539828225', '1354076931569508354');
INSERT INTO `mpoint` VALUES ('1354077729384878081', '192', '434', '-2', '1', '1353566232539828225', '1354076931569508354');
INSERT INTO `mpoint` VALUES ('1354077729724616706', '132', '216', '5', '1', '1353237205321003010', '1354076929371693058');
INSERT INTO `mpoint` VALUES ('1354077730051772417', '198', '477', '2', '0', '1353566007351840770', '1354076926267908097');
INSERT INTO `mpoint` VALUES ('1354077730391511041', '38', '238', '5', '1', '1353566171617562626', '1354076921842917378');
INSERT INTO `mpoint` VALUES ('1354077730731249666', '168', '290', '2', '1', '1353237205321003010', '1354076929371693058');
INSERT INTO `mpoint` VALUES ('1354077731066793985', '194', '425', '5', '1', '1353237205321003010', '1354076927152906241');
INSERT INTO `mpoint` VALUES ('1354077731398144001', '56', '280', '3', '0', '1353566232539828225', '1354076933339504642');
INSERT INTO `mpoint` VALUES ('1354077731733688322', '159', '289', '2', '1', '1353566171617562626', '1354076935541514241');
INSERT INTO `mpoint` VALUES ('1354077732073426946', '29', '231', '-3', '0', '1353237205321003010', '1354076932014104577');
INSERT INTO `mpoint` VALUES ('1354077732408971266', '75', '326', '3', '1', '1353565909800718337', '1354076922283319298');
INSERT INTO `mpoint` VALUES ('1354077732748709889', '120', '150', '-2', '0', '1353566232539828225', '1354076934216114177');
INSERT INTO `mpoint` VALUES ('1354077733084254209', '154', '347', '3', '0', '1353566171617562626', '1354076935541514241');
INSERT INTO `mpoint` VALUES ('1354077733419798529', '107', '368', '-1', '0', '1353566232539828225', '1354076930248302593');
INSERT INTO `mpoint` VALUES ('1354077733759537153', '149', '182', '1', '1', '1353237205321003010', '1354076932014104577');
INSERT INTO `mpoint` VALUES ('1354077734090887170', '89', '153', '-3', '1', '1353237205321003010', '1354076920945336322');
INSERT INTO `mpoint` VALUES ('1354077734426431489', '100', '109', '4', '0', '1353566232539828225', '1354076933339504642');
INSERT INTO `mpoint` VALUES ('1354077734766170113', '126', '385', '-2', '1', '1353566232539828225', '1354076931569508354');
INSERT INTO `mpoint` VALUES ('1354077735105908737', '145', '261', '-3', '1', '1353565909800718337', '1354076932899102721');
INSERT INTO `mpoint` VALUES ('1354077735441453057', '162', '269', '4', '1', '1353566232539828225', '1354076928931291137');
INSERT INTO `mpoint` VALUES ('1354077735776997377', '116', '184', '1', '0', '1353566232539828225', '1354076928931291137');
INSERT INTO `mpoint` VALUES ('1354077736112541698', '167', '174', '-1', '1', '1353237205321003010', '1354076932014104577');
INSERT INTO `mpoint` VALUES ('1354077736443891713', '181', '336', '0', '1', '1353566232539828225', '1354076928931291137');
INSERT INTO `mpoint` VALUES ('1354077736783630337', '67', '352', '1', '0', '1353237205321003010', '1354076927152906241');
INSERT INTO `mpoint` VALUES ('1354077737119174658', '65', '361', '1', '0', '1353237205321003010', '1354076932014104577');
INSERT INTO `mpoint` VALUES ('1354077737450524673', '139', '274', '1', '0', '1353566232539828225', '1354076933339504642');
INSERT INTO `mpoint` VALUES ('1354077737786068993', '180', '239', '2', '0', '1353566232539828225', '1354076930248302593');
INSERT INTO `mpoint` VALUES ('1354077738130001922', '46', '132', '-1', '1', '1353566007351840770', '1354076927601696770');
INSERT INTO `mpoint` VALUES ('1354077738461351938', '54', '103', '2', '1', '1353565909800718337', '1354076938192314370');
INSERT INTO `mpoint` VALUES ('1354077738796896257', '106', '390', '2', '0', '1353566171617562626', '1354076936858525697');
INSERT INTO `mpoint` VALUES ('1354077739128246273', '134', '384', '1', '0', '1353566232539828225', '1354076935981916162');
INSERT INTO `mpoint` VALUES ('1354077739463790594', '158', '316', '-3', '1', '1353237205321003010', '1354076936422318081');
INSERT INTO `mpoint` VALUES ('1354077739803529218', '40', '229', '-3', '1', '1353566232539828225', '1354076925831700482');
INSERT INTO `mpoint` VALUES ('1354077740134879234', '29', '213', '5', '0', '1353237205321003010', '1354076924946702338');
INSERT INTO `mpoint` VALUES ('1354077740470423553', '117', '379', '-1', '0', '1353566232539828225', '1354076925831700482');
INSERT INTO `mpoint` VALUES ('1354077740810162178', '34', '115', '3', '1', '1353566171617562626', '1354076925387104258');
INSERT INTO `mpoint` VALUES ('1354077741145706498', '30', '233', '3', '1', '1353566007351840770', '1354076928050487298');
INSERT INTO `mpoint` VALUES ('1354077741485445121', '181', '256', '3', '0', '1353237205321003010', '1354076929371693058');
INSERT INTO `mpoint` VALUES ('1354077741833572353', '123', '199', '1', '1', '1353237205321003010', '1354076929371693058');
INSERT INTO `mpoint` VALUES ('1354077742181699586', '122', '129', '5', '1', '1353237205321003010', '1354076923621302274');
INSERT INTO `mpoint` VALUES ('1354077742517243905', '119', '221', '-1', '0', '1353566171617562626', '1354076921842917378');
INSERT INTO `mpoint` VALUES ('1354077742852788226', '65', '144', '-2', '0', '1353566171617562626', '1354076930688704514');
INSERT INTO `mpoint` VALUES ('1354077743188332546', '96', '198', '1', '1', '1353566171617562626', '1354076934664904705');
INSERT INTO `mpoint` VALUES ('1354077743536459777', '6', '159', '2', '0', '1353237205321003010', '1354076928486694913');
INSERT INTO `mpoint` VALUES ('1354077743846838273', '101', '260', '-2', '1', '1353566007351840770', '1354076928050487298');
INSERT INTO `mpoint` VALUES ('1354077744220131330', '111', '280', '3', '0', '1353237205321003010', '1354076933784100865');
INSERT INTO `mpoint` VALUES ('1354077744568258561', '97', '168', '1', '0', '1353566232539828225', '1354076930248302593');
INSERT INTO `mpoint` VALUES ('1354077744916385794', '117', '140', '1', '0', '1353566171617562626', '1354076925387104258');
INSERT INTO `mpoint` VALUES ('1354077745247735809', '55', '337', '-3', '1', '1353566232539828225', '1354076921394126850');
INSERT INTO `mpoint` VALUES ('1354077745591668737', '56', '310', '0', '1', '1353566007351840770', '1354076927601696770');
INSERT INTO `mpoint` VALUES ('1354077745927213058', '129', '163', '2', '1', '1353237205321003010', '1354076924946702338');
INSERT INTO `mpoint` VALUES ('1354077746271145986', '10', '106', '5', '1', '1353237205321003010', '1354076928486694913');
INSERT INTO `mpoint` VALUES ('1354077746602496002', '129', '411', '5', '1', '1353566007351840770', '1354076928050487298');
INSERT INTO `mpoint` VALUES ('1354077746938040321', '87', '374', '4', '1', '1353566171617562626', '1354076930688704514');
INSERT INTO `mpoint` VALUES ('1354077747269390337', '90', '321', '1', '0', '1353237205321003010', '1354076936422318081');
INSERT INTO `mpoint` VALUES ('1354077747600740354', '127', '265', '1', '1', '1353566007351840770', '1354076927601696770');
INSERT INTO `mpoint` VALUES ('1354077747940478978', '44', '213', '1', '0', '1353237205321003010', '1354076928486694913');
INSERT INTO `mpoint` VALUES ('1354077748271828993', '1', '23', '2', '0', '1353566232539828225', '1354076925831700482');
INSERT INTO `mpoint` VALUES ('1354077748607373314', '123', '301', '2', '1', '1353565909800718337', '1354076922283319298');
INSERT INTO `mpoint` VALUES ('1354077748951306241', '77', '269', '2', '1', '1353566232539828225', '1354076931569508354');
INSERT INTO `mpoint` VALUES ('1354077749303627777', '163', '309', '-3', '1', '1353566232539828225', '1354076928931291137');
INSERT INTO `mpoint` VALUES ('1354077749660143618', '172', '459', '0', '0', '1353237205321003010', '1354076929371693058');
INSERT INTO `mpoint` VALUES ('1354077750012465154', '83', '101', '-3', '0', '1353566232539828225', '1354076937743523841');
INSERT INTO `mpoint` VALUES ('1354077750352203777', '136', '367', '5', '0', '1353566171617562626', '1354076935541514241');
INSERT INTO `mpoint` VALUES ('1354077750708719617', '26', '270', '-1', '0', '1353565909800718337', '1354076932899102721');
INSERT INTO `mpoint` VALUES ('1354077751044263937', '163', '243', '2', '1', '1353237205321003010', '1354076927152906241');
INSERT INTO `mpoint` VALUES ('1354077751379808257', '50', '222', '-2', '0', '1353566007351840770', '1354076927601696770');
INSERT INTO `mpoint` VALUES ('1354077751744712706', '86', '219', '-3', '0', '1353566232539828225', '1354076932450312193');
INSERT INTO `mpoint` VALUES ('1354077752076062721', '136', '424', '3', '1', '1353565909800718337', '1354076938192314370');
INSERT INTO `mpoint` VALUES ('1354077752411607042', '0', '278', '0', '0', '1353566007351840770', '1354076926267908097');
INSERT INTO `mpoint` VALUES ('1354077752747151362', '85', '307', '1', '0', '1353565909800718337', '1354076938192314370');
INSERT INTO `mpoint` VALUES ('1354077753082695682', '151', '401', '4', '1', '1353566171617562626', '1354076930688704514');
INSERT INTO `mpoint` VALUES ('1354077753418240001', '141', '232', '-1', '1', '1353237205321003010', '1354076924946702338');
INSERT INTO `mpoint` VALUES ('1354077753757978625', '63', '101', '0', '0', '1353565909800718337', '1354076924057509889');
INSERT INTO `mpoint` VALUES ('1354077754089328642', '10', '27', '1', '1', '1353566232539828225', '1354076937743523841');
INSERT INTO `mpoint` VALUES ('1354077754424872961', '85', '383', '-1', '1', '1353565909800718337', '1354076924057509889');
INSERT INTO `mpoint` VALUES ('1354077754756222977', '155', '170', '-2', '1', '1353566171617562626', '1354076924506300417');
INSERT INTO `mpoint` VALUES ('1354077755091767297', '0', '254', '4', '0', '1353565909800718337', '1354076929812094978');
INSERT INTO `mpoint` VALUES ('1354077755427311618', '22', '166', '-3', '1', '1353566171617562626', '1354076935541514241');
INSERT INTO `mpoint` VALUES ('1354077755758661633', '124', '305', '1', '1', '1353237205321003010', '1354076936422318081');
INSERT INTO `mpoint` VALUES ('1354077756098400257', '96', '254', '-1', '0', '1353566171617562626', '1354076936858525697');
INSERT INTO `mpoint` VALUES ('1354077756433944578', '3', '41', '-1', '0', '1353566232539828225', '1354076932450312193');
INSERT INTO `mpoint` VALUES ('1354077756761100290', '141', '365', '3', '1', '1353237205321003010', '1354076924946702338');
INSERT INTO `mpoint` VALUES ('1354077757105033218', '193', '341', '4', '0', '1353566232539828225', '1354076928931291137');
INSERT INTO `mpoint` VALUES ('1354077757436383233', '136', '378', '-3', '1', '1353566007351840770', '1354076927601696770');
INSERT INTO `mpoint` VALUES ('1354077757776121857', '92', '316', '5', '0', '1353566232539828225', '1354076932450312193');
INSERT INTO `mpoint` VALUES ('1354077758120054785', '177', '183', '0', '0', '1353237205321003010', '1354076936422318081');
INSERT INTO `mpoint` VALUES ('1354077758455599105', '118', '228', '1', '0', '1353237205321003010', '1354076927152906241');
INSERT INTO `mpoint` VALUES ('1354077758791143426', '62', '146', '0', '0', '1353237205321003010', '1354076923621302274');
INSERT INTO `mpoint` VALUES ('1354077759130882049', '23', '180', '-2', '1', '1353566171617562626', '1354076930688704514');
INSERT INTO `mpoint` VALUES ('1354077759462232065', '135', '408', '-1', '1', '1353237205321003010', '1354076929371693058');
INSERT INTO `mpoint` VALUES ('1354077759797776385', '187', '264', '0', '1', '1353566232539828225', '1354076932450312193');
INSERT INTO `mpoint` VALUES ('1354077760124932098', '90', '359', '4', '1', '1353237205321003010', '1354076923621302274');
INSERT INTO `mpoint` VALUES ('1354077760460476417', '180', '254', '0', '0', '1353237205321003010', '1354076936422318081');
INSERT INTO `mpoint` VALUES ('1354077760800215041', '88', '94', '-2', '1', '1353237205321003010', '1354076924946702338');
INSERT INTO `mpoint` VALUES ('1354077761123176449', '69', '203', '1', '0', '1353237205321003010', '1354076933784100865');
INSERT INTO `mpoint` VALUES ('1354077761479692289', '171', '407', '-2', '0', '1353566171617562626', '1354076935096918017');
INSERT INTO `mpoint` VALUES ('1354077761827819521', '67', '224', '0', '0', '1353565909800718337', '1354076924057509889');
INSERT INTO `mpoint` VALUES ('1354077762167558145', '76', '370', '1', '1', '1353566232539828225', '1354076937303121922');
INSERT INTO `mpoint` VALUES ('1354077762503102466', '153', '370', '1', '1', '1353566232539828225', '1354076933339504642');
INSERT INTO `mpoint` VALUES ('1354077762834452482', '125', '261', '3', '1', '1353566232539828225', '1354076934216114177');
INSERT INTO `mpoint` VALUES ('1354077763169996802', '56', '261', '-3', '0', '1353566232539828225', '1354076933339504642');
INSERT INTO `mpoint` VALUES ('1354077763505541121', '152', '172', '1', '0', '1353565909800718337', '1354076922283319298');
INSERT INTO `mpoint` VALUES ('1354077763845279746', '136', '227', '-1', '1', '1353566171617562626', '1354076936858525697');
INSERT INTO `mpoint` VALUES ('1354077764185018369', '178', '445', '1', '1', '1353566232539828225', '1354076937303121922');
INSERT INTO `mpoint` VALUES ('1354077764520562690', '158', '432', '-2', '1', '1353566007351840770', '1354076926267908097');
INSERT INTO `mpoint` VALUES ('1354077764856107009', '8', '93', '1', '1', '1353237205321003010', '1354076920945336322');
INSERT INTO `mpoint` VALUES ('1354077765191651329', '27', '34', '-3', '1', '1353237205321003010', '1354076923621302274');
INSERT INTO `mpoint` VALUES ('1354077765523001345', '188', '352', '5', '1', '1353566232539828225', '1354076921394126850');
INSERT INTO `mpoint` VALUES ('1354077765854351362', '182', '473', '5', '1', '1353565909800718337', '1354076929812094978');
INSERT INTO `mpoint` VALUES ('1354077766189895681', '20', '318', '-3', '0', '1353237205321003010', '1354076929371693058');
INSERT INTO `mpoint` VALUES ('1354077766525440002', '110', '376', '-1', '1', '1353566171617562626', '1354076925387104258');
INSERT INTO `mpoint` VALUES ('1354077766860984322', '183', '226', '2', '0', '1353566007351840770', '1354076926267908097');
INSERT INTO `mpoint` VALUES ('1354077767196528641', '120', '187', '-2', '0', '1353566232539828225', '1354076928931291137');
INSERT INTO `mpoint` VALUES ('1354077767527878657', '93', '263', '-2', '0', '1353566007351840770', '1354076926712504322');
INSERT INTO `mpoint` VALUES ('1354077767867617281', '104', '268', '4', '1', '1353237205321003010', '1354076933784100865');
INSERT INTO `mpoint` VALUES ('1354077768198967297', '171', '400', '0', '1', '1353566232539828225', '1354076931569508354');
INSERT INTO `mpoint` VALUES ('1354077768530317313', '55', '89', '3', '0', '1353237205321003010', '1354076923621302274');
INSERT INTO `mpoint` VALUES ('1354077768865861634', '23', '181', '2', '0', '1353566232539828225', '1354076932450312193');
INSERT INTO `mpoint` VALUES ('1354077769197211650', '176', '377', '2', '0', '1353237205321003010', '1354076936422318081');
INSERT INTO `mpoint` VALUES ('1354077769536950274', '190', '283', '-1', '0', '1353237205321003010', '1354076920945336322');
INSERT INTO `mpoint` VALUES ('1354077769868300290', '24', '114', '1', '0', '1353566232539828225', '1354076937303121922');
INSERT INTO `mpoint` VALUES ('1354077770199650306', '160', '428', '-2', '1', '1353566171617562626', '1354076934664904705');
INSERT INTO `mpoint` VALUES ('1354077770535194625', '89', '362', '0', '1', '1353566007351840770', '1354076931129106433');
INSERT INTO `mpoint` VALUES ('1354077770874933250', '124', '314', '2', '1', '1353566171617562626', '1354076936858525697');
INSERT INTO `mpoint` VALUES ('1354077771206283265', '153', '251', '-2', '0', '1353566171617562626', '1354076925387104258');
INSERT INTO `mpoint` VALUES ('1354077771537633281', '174', '384', '-1', '0', '1353237205321003010', '1354076929371693058');
INSERT INTO `mpoint` VALUES ('1354077771868983298', '5', '46', '1', '0', '1353566171617562626', '1354076930688704514');
INSERT INTO `mpoint` VALUES ('1354077772208721921', '26', '120', '1', '0', '1353565909800718337', '1354076922283319298');
INSERT INTO `mpoint` VALUES ('1354077772540071938', '61', '327', '4', '1', '1353566007351840770', '1354076926712504322');
INSERT INTO `mpoint` VALUES ('1354077772875616257', '155', '439', '1', '1', '1353565909800718337', '1354076938192314370');
INSERT INTO `mpoint` VALUES ('1354077773211160578', '196', '288', '0', '0', '1353566171617562626', '1354076935541514241');
INSERT INTO `mpoint` VALUES ('1354077773538316290', '101', '322', '-2', '0', '1353566007351840770', '1354076927601696770');
INSERT INTO `mpoint` VALUES ('1354077773878054913', '29', '183', '0', '1', '1353566232539828225', '1354076937303121922');
INSERT INTO `mpoint` VALUES ('1354077774209404929', '155', '157', '5', '1', '1353566232539828225', '1354076934216114177');
INSERT INTO `mpoint` VALUES ('1354077774544949250', '188', '452', '-2', '1', '1353566232539828225', '1354076931569508354');
INSERT INTO `mpoint` VALUES ('1354077774880493570', '142', '379', '-2', '1', '1353566232539828225', '1354076937303121922');
INSERT INTO `mpoint` VALUES ('1354077775216037890', '23', '186', '-3', '1', '1353565909800718337', '1354076923176706050');
INSERT INTO `mpoint` VALUES ('1354077775547387906', '163', '411', '0', '1', '1353237205321003010', '1354076933784100865');
INSERT INTO `mpoint` VALUES ('1354077775878737921', '73', '252', '-3', '0', '1353566232539828225', '1354076931569508354');
INSERT INTO `mpoint` VALUES ('1354077776218476545', '103', '183', '4', '0', '1353565909800718337', '1354076932899102721');
INSERT INTO `mpoint` VALUES ('1354077776549826561', '170', '436', '0', '1', '1353565909800718337', '1354076922283319298');
INSERT INTO `mpoint` VALUES ('1354077776881176578', '2', '34', '-1', '0', '1353566171617562626', '1354076936858525697');
INSERT INTO `mpoint` VALUES ('1354077777216720897', '101', '224', '5', '0', '1353566232539828225', '1354076937743523841');
INSERT INTO `mpoint` VALUES ('1354077777548070914', '118', '336', '1', '1', '1353237205321003010', '1354076928486694913');
INSERT INTO `mpoint` VALUES ('1354077777883615234', '94', '320', '1', '1', '1353565909800718337', '1354076923176706050');
INSERT INTO `mpoint` VALUES ('1354077778214965250', '170', '326', '4', '0', '1353565909800718337', '1354076929812094978');
INSERT INTO `mpoint` VALUES ('1354077778550509570', '159', '290', '3', '0', '1353565909800718337', '1354076922283319298');
INSERT INTO `mpoint` VALUES ('1354077778886053889', '39', '168', '3', '1', '1353237205321003010', '1354076932014104577');
INSERT INTO `mpoint` VALUES ('1354077779217403905', '135', '412', '5', '1', '1353565909800718337', '1354076932899102721');
INSERT INTO `mpoint` VALUES ('1354077779557142530', '143', '186', '4', '1', '1353237205321003010', '1354076928486694913');
INSERT INTO `mpoint` VALUES ('1354077779884298241', '151', '311', '1', '1', '1353566007351840770', '1354076931129106433');
INSERT INTO `mpoint` VALUES ('1354077780219842561', '5', '197', '3', '1', '1353566007351840770', '1354076928050487298');
INSERT INTO `mpoint` VALUES ('1354077780551192577', '58', '205', '3', '1', '1353237205321003010', '1354076928486694913');
INSERT INTO `mpoint` VALUES ('1354077780890931201', '125', '157', '1', '0', '1353566232539828225', '1354076934216114177');
INSERT INTO `mpoint` VALUES ('1354077781218086913', '110', '207', '4', '1', '1353566232539828225', '1354076934216114177');
INSERT INTO `mpoint` VALUES ('1354077781557825537', '1', '234', '1', '1', '1353237205321003010', '1354076936422318081');
INSERT INTO `mpoint` VALUES ('1354077781893369857', '108', '192', '1', '0', '1353566232539828225', '1354076928931291137');
INSERT INTO `mpoint` VALUES ('1354077782224719874', '197', '471', '1', '0', '1353566007351840770', '1354076926267908097');
INSERT INTO `mpoint` VALUES ('1354077782556069890', '153', '180', '-2', '1', '1353566232539828225', '1354076937743523841');
INSERT INTO `mpoint` VALUES ('1354077782891614210', '79', '122', '1', '1', '1353565909800718337', '1354076922283319298');
INSERT INTO `mpoint` VALUES ('1354077783218769922', '104', '121', '-3', '1', '1353237205321003010', '1354076927152906241');
INSERT INTO `mpoint` VALUES ('1354077783554314242', '111', '178', '4', '1', '1353565909800718337', '1354076922283319298');
INSERT INTO `mpoint` VALUES ('1354077783889858562', '110', '273', '-1', '1', '1353566007351840770', '1354076927601696770');
INSERT INTO `mpoint` VALUES ('1354077784229597186', '127', '348', '0', '0', '1353566232539828225', '1354076921394126850');
INSERT INTO `mpoint` VALUES ('1354077784556752898', '185', '373', '1', '1', '1353566232539828225', '1354076934216114177');
INSERT INTO `mpoint` VALUES ('1354077784888102913', '15', '271', '4', '0', '1353565909800718337', '1354076924057509889');
INSERT INTO `mpoint` VALUES ('1354077785227841538', '84', '276', '4', '1', '1353565909800718337', '1354076932899102721');
INSERT INTO `mpoint` VALUES ('1354077785563385858', '168', '249', '1', '1', '1353237205321003010', '1354076929371693058');
INSERT INTO `mpoint` VALUES ('1354077785898930177', '130', '252', '1', '0', '1353566232539828225', '1354076925831700482');
INSERT INTO `mpoint` VALUES ('1354077786234474498', '123', '162', '2', '1', '1353566232539828225', '1354076934216114177');
INSERT INTO `mpoint` VALUES ('1354077786574213121', '78', '260', '-3', '1', '1353565909800718337', '1354076929812094978');
INSERT INTO `mpoint` VALUES ('1354077786905563137', '197', '436', '3', '0', '1353565909800718337', '1354076924057509889');
INSERT INTO `mpoint` VALUES ('1354077787245301762', '116', '379', '-2', '1', '1353565909800718337', '1354076932899102721');
INSERT INTO `mpoint` VALUES ('1354077787572457473', '169', '276', '-2', '0', '1353566232539828225', '1354076930248302593');
INSERT INTO `mpoint` VALUES ('1354077787908001793', '71', '106', '3', '0', '1353237205321003010', '1354076928486694913');
INSERT INTO `mpoint` VALUES ('1354077788243546113', '187', '291', '5', '0', '1353566232539828225', '1354076925831700482');
INSERT INTO `mpoint` VALUES ('1354077788579090434', '79', '304', '4', '0', '1353565909800718337', '1354076922723721217');
INSERT INTO `mpoint` VALUES ('1354077788910440449', '108', '307', '-2', '1', '1353565909800718337', '1354076938192314370');
INSERT INTO `mpoint` VALUES ('1354077789241790466', '13', '157', '3', '1', '1353566232539828225', '1354076935981916162');
INSERT INTO `mpoint` VALUES ('1354077789577334785', '183', '423', '-1', '1', '1353566232539828225', '1354076933339504642');
INSERT INTO `mpoint` VALUES ('1354077789912879105', '133', '295', '0', '0', '1353566171617562626', '1354076924506300417');
INSERT INTO `mpoint` VALUES ('1354077790248423426', '31', '258', '1', '1', '1353566232539828225', '1354076937743523841');
INSERT INTO `mpoint` VALUES ('1354077790583967745', '33', '170', '-3', '0', '1353566007351840770', '1354076928050487298');
INSERT INTO `mpoint` VALUES ('1354077790923706369', '27', '188', '1', '1', '1353566232539828225', '1354076933339504642');
INSERT INTO `mpoint` VALUES ('1354077791250862082', '165', '287', '0', '1', '1353566232539828225', '1354076931569508354');
INSERT INTO `mpoint` VALUES ('1354077791586406401', '111', '114', '2', '0', '1353237205321003010', '1354076920945336322');
INSERT INTO `mpoint` VALUES ('1354077791921950721', '27', '202', '-3', '1', '1353566007351840770', '1354076927601696770');
INSERT INTO `mpoint` VALUES ('1354077792249106433', '176', '474', '5', '1', '1353237205321003010', '1354076929371693058');
INSERT INTO `mpoint` VALUES ('1354077792601427969', '37', '332', '-2', '1', '1353566232539828225', '1354076935981916162');
INSERT INTO `mpoint` VALUES ('1354077792941166593', '140', '334', '-1', '1', '1353565909800718337', '1354076929812094978');
INSERT INTO `mpoint` VALUES ('1354077793276710913', '81', '370', '0', '0', '1353566007351840770', '1354076926267908097');
INSERT INTO `mpoint` VALUES ('1354077793654198273', '100', '122', '-1', '1', '1353566171617562626', '1354076934664904705');
INSERT INTO `mpoint` VALUES ('1354077793989742593', '117', '162', '5', '0', '1353565909800718337', '1354076922723721217');
INSERT INTO `mpoint` VALUES ('1354077794321092610', '55', '80', '3', '0', '1353565909800718337', '1354076932899102721');
INSERT INTO `mpoint` VALUES ('1354077794652442625', '160', '424', '1', '0', '1353566171617562626', '1354076935096918017');
INSERT INTO `mpoint` VALUES ('1354077794992181249', '108', '370', '3', '0', '1353565909800718337', '1354076923176706050');
INSERT INTO `mpoint` VALUES ('1354077795327725569', '10', '53', '0', '1', '1353566232539828225', '1354076937743523841');
INSERT INTO `mpoint` VALUES ('1354077795650686978', '163', '377', '1', '1', '1353566007351840770', '1354076928050487298');
INSERT INTO `mpoint` VALUES ('1354077795990425602', '48', '227', '-2', '0', '1353237205321003010', '1354076929371693058');
INSERT INTO `mpoint` VALUES ('1354077796325969921', '193', '300', '-2', '1', '1353566232539828225', '1354076934216114177');
INSERT INTO `mpoint` VALUES ('1354077796653125634', '38', '191', '-3', '1', '1353566007351840770', '1354076926712504322');
INSERT INTO `mpoint` VALUES ('1354077796992864258', '63', '150', '1', '1', '1353237205321003010', '1354076928486694913');
INSERT INTO `mpoint` VALUES ('1354077797324214274', '59', '343', '0', '1', '1353566232539828225', '1354076928931291137');
INSERT INTO `mpoint` VALUES ('1354077797659758594', '14', '121', '0', '1', '1353566232539828225', '1354076925831700482');
INSERT INTO `mpoint` VALUES ('1354077797991108609', '43', '231', '0', '0', '1353237205321003010', '1354076936422318081');
INSERT INTO `mpoint` VALUES ('1354077798326652929', '25', '134', '-1', '0', '1353237205321003010', '1354076933784100865');
INSERT INTO `mpoint` VALUES ('1354077798658002946', '84', '133', '-3', '1', '1353237205321003010', '1354076929371693058');
INSERT INTO `mpoint` VALUES ('1354077798989352962', '190', '434', '-2', '0', '1353566232539828225', '1354076925831700482');
INSERT INTO `mpoint` VALUES ('1354077799324897281', '32', '202', '5', '0', '1353566232539828225', '1354076931569508354');
INSERT INTO `mpoint` VALUES ('1354077799652052993', '91', '208', '-3', '0', '1353566007351840770', '1354076926267908097');
INSERT INTO `mpoint` VALUES ('1354077799987597314', '107', '252', '-3', '1', '1353565909800718337', '1354076929812094978');
INSERT INTO `mpoint` VALUES ('1354077800327335937', '25', '70', '4', '0', '1353237205321003010', '1354076920945336322');
INSERT INTO `mpoint` VALUES ('1354077800662880258', '129', '232', '2', '0', '1353565909800718337', '1354076923176706050');
INSERT INTO `mpoint` VALUES ('1354077800994230274', '120', '151', '2', '1', '1353566232539828225', '1354076928931291137');
INSERT INTO `mpoint` VALUES ('1354077801329774593', '166', '299', '-2', '0', '1353566232539828225', '1354076931569508354');
INSERT INTO `mpoint` VALUES ('1354077801661124610', '63', '343', '-2', '1', '1353566171617562626', '1354076930688704514');
INSERT INTO `mpoint` VALUES ('1354077801996668929', '130', '188', '1', '0', '1353566171617562626', '1354076936858525697');
INSERT INTO `mpoint` VALUES ('1354077802336407554', '190', '357', '5', '1', '1353237205321003010', '1354076933784100865');
INSERT INTO `mpoint` VALUES ('1354077802663563265', '32', '265', '0', '1', '1353566171617562626', '1354076921842917378');
INSERT INTO `mpoint` VALUES ('1354077802999107586', '186', '207', '1', '0', '1353566232539828225', '1354076933339504642');
INSERT INTO `mpoint` VALUES ('1354077803334651906', '91', '237', '-3', '0', '1353566171617562626', '1354076925387104258');
INSERT INTO `mpoint` VALUES ('1354077803666001922', '116', '359', '5', '1', '1353237205321003010', '1354076929371693058');
INSERT INTO `mpoint` VALUES ('1354077803997351937', '181', '418', '-3', '0', '1353566171617562626', '1354076935096918017');
INSERT INTO `mpoint` VALUES ('1354077804358062081', '79', '102', '-2', '0', '1353237205321003010', '1354076932014104577');
INSERT INTO `mpoint` VALUES ('1354077804685217793', '196', '419', '-1', '1', '1353237205321003010', '1354076927152906241');
INSERT INTO `mpoint` VALUES ('1354077805029150722', '196', '328', '3', '0', '1353566171617562626', '1354076930688704514');
INSERT INTO `mpoint` VALUES ('1354077805360500737', '34', '122', '0', '1', '1353566232539828225', '1354076932450312193');
INSERT INTO `mpoint` VALUES ('1354077805691850753', '67', '81', '1', '1', '1353566171617562626', '1354076935541514241');
INSERT INTO `mpoint` VALUES ('1354077806027395074', '80', '91', '-2', '1', '1353565909800718337', '1354076924057509889');
INSERT INTO `mpoint` VALUES ('1354077806358745090', '97', '250', '5', '0', '1353566171617562626', '1354076935096918017');
INSERT INTO `mpoint` VALUES ('1354077806694289409', '119', '316', '0', '1', '1353566232539828225', '1354076932450312193');
INSERT INTO `mpoint` VALUES ('1354077807029833729', '185', '457', '1', '0', '1353565909800718337', '1354076924057509889');
INSERT INTO `mpoint` VALUES ('1354077807361183745', '125', '406', '-1', '1', '1353566232539828225', '1354076928931291137');
INSERT INTO `mpoint` VALUES ('1354077807696728066', '48', '230', '3', '0', '1353566171617562626', '1354076935096918017');
INSERT INTO `mpoint` VALUES ('1354077808028078082', '15', '216', '3', '0', '1353566232539828225', '1354076928931291137');
INSERT INTO `mpoint` VALUES ('1354077808363622402', '97', '146', '4', '0', '1353237205321003010', '1354076932014104577');
INSERT INTO `mpoint` VALUES ('1354077808694972418', '104', '390', '4', '0', '1353566232539828225', '1354076925831700482');
INSERT INTO `mpoint` VALUES ('1354077809026322434', '17', '152', '-3', '0', '1353565909800718337', '1354076932899102721');
INSERT INTO `mpoint` VALUES ('1354077809366061057', '134', '261', '-2', '0', '1353566232539828225', '1354076932450312193');
INSERT INTO `mpoint` VALUES ('1354077809701605378', '152', '246', '-2', '1', '1353566007351840770', '1354076927601696770');
INSERT INTO `mpoint` VALUES ('1354077810032955394', '188', '264', '3', '1', '1353566007351840770', '1354076928050487298');
INSERT INTO `mpoint` VALUES ('1354077810368499713', '6', '242', '3', '1', '1353566007351840770', '1354076926267908097');
INSERT INTO `mpoint` VALUES ('1354077810699849730', '24', '33', '-1', '1', '1353566171617562626', '1354076935096918017');
INSERT INTO `mpoint` VALUES ('1354077811035394050', '198', '289', '3', '1', '1353566171617562626', '1354076936858525697');
INSERT INTO `mpoint` VALUES ('1354077811375132674', '114', '268', '-1', '0', '1353566232539828225', '1354076932450312193');
INSERT INTO `mpoint` VALUES ('1354077811714871298', '169', '209', '2', '1', '1353566232539828225', '1354076937743523841');
INSERT INTO `mpoint` VALUES ('1354077812054609922', '199', '244', '1', '1', '1353566232539828225', '1354076937743523841');
INSERT INTO `mpoint` VALUES ('1354077812394348546', '194', '288', '4', '0', '1353566232539828225', '1354076930248302593');
INSERT INTO `mpoint` VALUES ('1354077812729892866', '97', '356', '0', '1', '1353566007351840770', '1354076926267908097');
INSERT INTO `mpoint` VALUES ('1354077813057048577', '169', '331', '-2', '0', '1353566007351840770', '1354076926712504322');
INSERT INTO `mpoint` VALUES ('1354077813392592897', '100', '238', '1', '1', '1353566171617562626', '1354076934664904705');
INSERT INTO `mpoint` VALUES ('1354077813723942914', '6', '81', '3', '0', '1353237205321003010', '1354076927152906241');
INSERT INTO `mpoint` VALUES ('1354077814063681537', '95', '282', '-3', '1', '1353566171617562626', '1354076925387104258');
INSERT INTO `mpoint` VALUES ('1354077814390837250', '29', '140', '3', '0', '1353566232539828225', '1354076935981916162');
INSERT INTO `mpoint` VALUES ('1354077814730575873', '100', '296', '3', '0', '1353237205321003010', '1354076936422318081');
INSERT INTO `mpoint` VALUES ('1354077815053537281', '40', '234', '-2', '1', '1353566171617562626', '1354076935096918017');
INSERT INTO `mpoint` VALUES ('1354077815389081602', '4', '53', '-2', '1', '1353237205321003010', '1354076929371693058');
INSERT INTO `mpoint` VALUES ('1354077815724625921', '141', '340', '5', '0', '1353566171617562626', '1354076936858525697');
INSERT INTO `mpoint` VALUES ('1354077816055975938', '35', '87', '3', '1', '1353566171617562626', '1354076934664904705');
INSERT INTO `mpoint` VALUES ('1354077816391520257', '21', '185', '1', '1', '1353566232539828225', '1354076934216114177');
INSERT INTO `mpoint` VALUES ('1354077816722870273', '124', '128', '2', '1', '1353566171617562626', '1354076935541514241');
INSERT INTO `mpoint` VALUES ('1354077817054220289', '30', '233', '4', '1', '1353566171617562626', '1354076935096918017');
INSERT INTO `mpoint` VALUES ('1354077817389764609', '50', '240', '1', '1', '1353565909800718337', '1354076924057509889');
INSERT INTO `mpoint` VALUES ('1354077817725308929', '103', '345', '5', '1', '1353565909800718337', '1354076922723721217');
INSERT INTO `mpoint` VALUES ('1354077818056658946', '188', '415', '-2', '0', '1353566171617562626', '1354076936858525697');
INSERT INTO `mpoint` VALUES ('1354077818392203266', '21', '23', '5', '0', '1353566171617562626', '1354076921842917378');
INSERT INTO `mpoint` VALUES ('1354077818727747586', '187', '237', '1', '0', '1353565909800718337', '1354076923176706050');
INSERT INTO `mpoint` VALUES ('1354077819063291906', '15', '157', '1', '0', '1353565909800718337', '1354076938192314370');
INSERT INTO `mpoint` VALUES ('1354077819390447618', '171', '205', '2', '1', '1353237205321003010', '1354076936422318081');
INSERT INTO `mpoint` VALUES ('1354077819725991938', '130', '308', '4', '1', '1353237205321003010', '1354076928486694913');
INSERT INTO `mpoint` VALUES ('1354077820061536258', '3', '151', '1', '0', '1353566171617562626', '1354076934664904705');
INSERT INTO `mpoint` VALUES ('1354077820397080577', '25', '155', '-1', '1', '1353566171617562626', '1354076935541514241');
INSERT INTO `mpoint` VALUES ('1354077820728430594', '9', '188', '0', '1', '1353566007351840770', '1354076926267908097');
INSERT INTO `mpoint` VALUES ('1354077821059780609', '14', '197', '2', '0', '1353566171617562626', '1354076935096918017');
INSERT INTO `mpoint` VALUES ('1354077821403713538', '53', '165', '-3', '1', '1353237205321003010', '1354076933784100865');
INSERT INTO `mpoint` VALUES ('1354077821735063553', '85', '369', '0', '0', '1353566171617562626', '1354076921842917378');
INSERT INTO `mpoint` VALUES ('1354077822070607874', '137', '279', '0', '0', '1353566007351840770', '1354076931129106433');
INSERT INTO `mpoint` VALUES ('1354077822401957890', '195', '415', '1', '1', '1353237205321003010', '1354076932014104577');
INSERT INTO `mpoint` VALUES ('1354077822737502210', '116', '380', '4', '1', '1353237205321003010', '1354076928486694913');
INSERT INTO `mpoint` VALUES ('1354077823064657921', '195', '240', '0', '0', '1353237205321003010', '1354076920945336322');
INSERT INTO `mpoint` VALUES ('1354077823404396545', '66', '115', '-3', '0', '1353566171617562626', '1354076924506300417');
INSERT INTO `mpoint` VALUES ('1354077823735746562', '57', '187', '0', '1', '1353237205321003010', '1354076932014104577');
INSERT INTO `mpoint` VALUES ('1354077824067096578', '16', '82', '-3', '0', '1353566171617562626', '1354076934664904705');
INSERT INTO `mpoint` VALUES ('1354077824402640898', '133', '327', '5', '1', '1353237205321003010', '1354076928486694913');
INSERT INTO `mpoint` VALUES ('1354077824733990913', '8', '253', '-1', '1', '1353566171617562626', '1354076921842917378');
INSERT INTO `mpoint` VALUES ('1354077825065340930', '14', '110', '-1', '1', '1353566171617562626', '1354076934664904705');
INSERT INTO `mpoint` VALUES ('1354077825396690946', '126', '241', '-1', '0', '1353565909800718337', '1354076932899102721');
INSERT INTO `mpoint` VALUES ('1354077825732235266', '112', '355', '-3', '1', '1353566171617562626', '1354076936858525697');
INSERT INTO `mpoint` VALUES ('1354077826063585282', '30', '314', '2', '0', '1353566232539828225', '1354076930248302593');
INSERT INTO `mpoint` VALUES ('1354077826403323905', '187', '476', '-1', '0', '1353566007351840770', '1354076926712504322');
INSERT INTO `mpoint` VALUES ('1354077826734673922', '28', '319', '-3', '0', '1353237205321003010', '1354076923621302274');
INSERT INTO `mpoint` VALUES ('1354077827066023938', '130', '406', '4', '0', '1353566232539828225', '1354076930248302593');
INSERT INTO `mpoint` VALUES ('1354077827397373953', '14', '132', '0', '1', '1353566232539828225', '1354076928931291137');
INSERT INTO `mpoint` VALUES ('1354077827732918274', '21', '263', '4', '0', '1353566232539828225', '1354076934216114177');
INSERT INTO `mpoint` VALUES ('1354077828064268289', '65', '251', '-1', '1', '1353566232539828225', '1354076932450312193');
INSERT INTO `mpoint` VALUES ('1354077828399812610', '148', '199', '-2', '0', '1353237205321003010', '1354076927152906241');
INSERT INTO `mpoint` VALUES ('1354077828735356930', '125', '191', '-2', '0', '1353566232539828225', '1354076928931291137');
INSERT INTO `mpoint` VALUES ('1354077829070901249', '184', '442', '5', '0', '1353565909800718337', '1354076938192314370');
INSERT INTO `mpoint` VALUES ('1354077829402251265', '119', '324', '4', '0', '1353237205321003010', '1354076928486694913');
INSERT INTO `mpoint` VALUES ('1354077829733601282', '183', '387', '-1', '1', '1353565909800718337', '1354076938192314370');
INSERT INTO `mpoint` VALUES ('1354077830069145601', '83', '317', '-2', '1', '1353566232539828225', '1354076925831700482');
INSERT INTO `mpoint` VALUES ('1354077830400495617', '60', '345', '4', '0', '1353566007351840770', '1354076931129106433');
INSERT INTO `mpoint` VALUES ('1354077830731845634', '35', '259', '0', '1', '1353566232539828225', '1354076925831700482');
INSERT INTO `mpoint` VALUES ('1354077831071584257', '137', '249', '1', '0', '1353565909800718337', '1354076924057509889');
INSERT INTO `mpoint` VALUES ('1354077831398739970', '175', '378', '2', '1', '1353565909800718337', '1354076922723721217');
INSERT INTO `mpoint` VALUES ('1354077831734284290', '178', '192', '-3', '1', '1353565909800718337', '1354076924057509889');
INSERT INTO `mpoint` VALUES ('1354077832069828610', '66', '309', '-2', '1', '1353237205321003010', '1354076933784100865');
INSERT INTO `mpoint` VALUES ('1354077832396984322', '111', '311', '2', '1', '1353566171617562626', '1354076935541514241');
INSERT INTO `mpoint` VALUES ('1354077832732528641', '86', '265', '4', '0', '1353566232539828225', '1354076933339504642');
INSERT INTO `mpoint` VALUES ('1354077833063878658', '78', '135', '3', '0', '1353566232539828225', '1354076925831700482');
INSERT INTO `mpoint` VALUES ('1354077833399422977', '69', '131', '-3', '0', '1353237205321003010', '1354076929371693058');
INSERT INTO `mpoint` VALUES ('1354077833730772993', '179', '310', '2', '1', '1353237205321003010', '1354076932014104577');
INSERT INTO `mpoint` VALUES ('1354077834066317313', '180', '236', '1', '1', '1353237205321003010', '1354076920945336322');
INSERT INTO `mpoint` VALUES ('1354077834397667329', '173', '219', '3', '1', '1353566007351840770', '1354076927601696770');
INSERT INTO `mpoint` VALUES ('1354077834733211650', '28', '201', '3', '0', '1353566171617562626', '1354076935096918017');
INSERT INTO `mpoint` VALUES ('1354077835064561665', '119', '135', '5', '0', '1353566007351840770', '1354076926712504322');
INSERT INTO `mpoint` VALUES ('1354077835395911681', '7', '132', '1', '0', '1353237205321003010', '1354076929371693058');
INSERT INTO `mpoint` VALUES ('1354077835727261697', '24', '193', '-2', '1', '1353566007351840770', '1354076926267908097');
INSERT INTO `mpoint` VALUES ('1354077836067000322', '141', '233', '-3', '0', '1353566171617562626', '1354076925387104258');
INSERT INTO `mpoint` VALUES ('1354077836394156034', '15', '281', '2', '0', '1353237205321003010', '1354076923621302274');
INSERT INTO `mpoint` VALUES ('1354077836733894657', '33', '302', '-1', '0', '1353565909800718337', '1354076932899102721');
INSERT INTO `mpoint` VALUES ('1354077837061050370', '142', '339', '-2', '0', '1353566171617562626', '1354076935541514241');
INSERT INTO `mpoint` VALUES ('1354077837396594689', '4', '209', '4', '1', '1353566171617562626', '1354076934664904705');
INSERT INTO `mpoint` VALUES ('1354077837732139010', '34', '181', '-1', '0', '1353566007351840770', '1354076926267908097');
INSERT INTO `mpoint` VALUES ('1354077838067683329', '197', '279', '4', '1', '1353237205321003010', '1354076936422318081');
INSERT INTO `mpoint` VALUES ('1354077838403227650', '148', '205', '5', '1', '1353565909800718337', '1354076932899102721');
INSERT INTO `mpoint` VALUES ('1354077838734577665', '67', '297', '2', '0', '1353566232539828225', '1354076925831700482');
INSERT INTO `mpoint` VALUES ('1354077839078510593', '95', '285', '1', '1', '1353566232539828225', '1354076934216114177');
INSERT INTO `mpoint` VALUES ('1354077839414054914', '144', '370', '2', '0', '1353566171617562626', '1354076936858525697');
INSERT INTO `mpoint` VALUES ('1354077839745404929', '150', '288', '-3', '0', '1353565909800718337', '1354076924057509889');
INSERT INTO `mpoint` VALUES ('1354077840076754945', '35', '131', '1', '0', '1353566007351840770', '1354076928050487298');
INSERT INTO `mpoint` VALUES ('1354077840412299265', '130', '163', '-3', '1', '1353566171617562626', '1354076924506300417');
INSERT INTO `mpoint` VALUES ('1354077840739454978', '65', '345', '-3', '1', '1353565909800718337', '1354076929812094978');
INSERT INTO `mpoint` VALUES ('1354077841074999297', '118', '137', '-1', '1', '1353565909800718337', '1354076932899102721');
INSERT INTO `mpoint` VALUES ('1354077841410543618', '119', '259', '2', '0', '1353566171617562626', '1354076936858525697');
INSERT INTO `mpoint` VALUES ('1354077841737699329', '55', '327', '2', '1', '1353237205321003010', '1354076929371693058');
INSERT INTO `mpoint` VALUES ('1354077842077437954', '80', '340', '4', '0', '1353566171617562626', '1354076924506300417');
INSERT INTO `mpoint` VALUES ('1354077842404593666', '163', '252', '1', '0', '1353237205321003010', '1354076928486694913');
INSERT INTO `mpoint` VALUES ('1354077842744332289', '63', '351', '4', '0', '1353566232539828225', '1354076931569508354');
INSERT INTO `mpoint` VALUES ('1354077843079876610', '4', '193', '-2', '1', '1353566232539828225', '1354076932450312193');
INSERT INTO `mpoint` VALUES ('1354077843415420929', '40', '209', '3', '1', '1353566232539828225', '1354076932450312193');
INSERT INTO `mpoint` VALUES ('1354077843746770945', '73', '115', '4', '1', '1353565909800718337', '1354076922723721217');
INSERT INTO `mpoint` VALUES ('1354077844082315265', '177', '396', '4', '1', '1353566232539828225', '1354076933339504642');
INSERT INTO `mpoint` VALUES ('1354077844409470978', '106', '149', '-1', '0', '1353237205321003010', '1354076920945336322');
INSERT INTO `mpoint` VALUES ('1354077844740820993', '39', '196', '-2', '0', '1353565909800718337', '1354076922723721217');
INSERT INTO `mpoint` VALUES ('1354077845076365314', '151', '345', '2', '1', '1353566232539828225', '1354076921394126850');
INSERT INTO `mpoint` VALUES ('1354077845411909634', '191', '318', '-1', '1', '1353566171617562626', '1354076936858525697');
INSERT INTO `mpoint` VALUES ('1354077845743259650', '20', '236', '-2', '0', '1353566232539828225', '1354076925831700482');
INSERT INTO `mpoint` VALUES ('1354077846078803970', '76', '313', '2', '0', '1353566232539828225', '1354076925831700482');
INSERT INTO `mpoint` VALUES ('1354077846414348289', '186', '387', '1', '0', '1353566007351840770', '1354076931129106433');
INSERT INTO `mpoint` VALUES ('1354077846741504002', '135', '356', '-2', '1', '1353566232539828225', '1354076937743523841');
INSERT INTO `mpoint` VALUES ('1354077847072854018', '196', '483', '2', '0', '1353566171617562626', '1354076936858525697');
INSERT INTO `mpoint` VALUES ('1354077847412592641', '87', '170', '1', '1', '1353566232539828225', '1354076937743523841');
INSERT INTO `mpoint` VALUES ('1354077847743942658', '189', '413', '-1', '1', '1353237205321003010', '1354076932014104577');
INSERT INTO `mpoint` VALUES ('1354077848071098370', '101', '286', '4', '0', '1353566232539828225', '1354076928931291137');
INSERT INTO `mpoint` VALUES ('1354077848406642689', '44', '331', '0', '0', '1353237205321003010', '1354076933784100865');
INSERT INTO `mpoint` VALUES ('1354077848737992705', '19', '301', '3', '1', '1353565909800718337', '1354076923176706050');
INSERT INTO `mpoint` VALUES ('1354077849073537025', '163', '435', '-3', '1', '1353566232539828225', '1354076931569508354');
INSERT INTO `mpoint` VALUES ('1354077849409081346', '185', '305', '2', '1', '1353566232539828225', '1354076928931291137');
INSERT INTO `mpoint` VALUES ('1354077849744625665', '33', '112', '-3', '0', '1353565909800718337', '1354076922283319298');
INSERT INTO `mpoint` VALUES ('1354077850075975682', '165', '243', '1', '1', '1353565909800718337', '1354076922283319298');
INSERT INTO `mpoint` VALUES ('1354077850411520002', '74', '104', '3', '0', '1353566232539828225', '1354076935981916162');
INSERT INTO `mpoint` VALUES ('1354077850742870017', '174', '460', '0', '0', '1353566007351840770', '1354076928050487298');
INSERT INTO `mpoint` VALUES ('1354077851074220033', '120', '236', '-3', '1', '1353566171617562626', '1354076921842917378');
INSERT INTO `mpoint` VALUES ('1354077851409764354', '188', '415', '3', '0', '1353565909800718337', '1354076922723721217');
INSERT INTO `mpoint` VALUES ('1354077851741114369', '136', '434', '5', '0', '1353237205321003010', '1354076923621302274');
INSERT INTO `mpoint` VALUES ('1354077852076658689', '31', '169', '3', '1', '1353566171617562626', '1354076936858525697');
INSERT INTO `mpoint` VALUES ('1354077852408008705', '164', '363', '5', '1', '1353566007351840770', '1354076926267908097');
INSERT INTO `mpoint` VALUES ('1354077852735164418', '130', '372', '1', '0', '1353237205321003010', '1354076920945336322');
INSERT INTO `mpoint` VALUES ('1354077853074903041', '88', '112', '0', '1', '1353566232539828225', '1354076937743523841');
INSERT INTO `mpoint` VALUES ('1354077853410447361', '122', '307', '4', '1', '1353565909800718337', '1354076929812094978');
INSERT INTO `mpoint` VALUES ('1354077853741797377', '171', '399', '0', '1', '1353565909800718337', '1354076922283319298');
INSERT INTO `mpoint` VALUES ('1354077854077341697', '32', '120', '5', '0', '1353565909800718337', '1354076924057509889');
INSERT INTO `mpoint` VALUES ('1354077854408691713', '37', '324', '-2', '1', '1353566171617562626', '1354076936858525697');
INSERT INTO `mpoint` VALUES ('1354077854744236033', '192', '211', '-2', '1', '1353566232539828225', '1354076932450312193');
INSERT INTO `mpoint` VALUES ('1354448021538009089', '10', '202', '1', '0', '1353566171617562626', '1354076935096918017');
INSERT INTO `mpoint` VALUES ('1354448021965828098', '5', '162', '2', '1', '1353565909800718337', '1354448007646474242');
INSERT INTO `mpoint` VALUES ('1354448022389452801', '13', '256', '2', '0', '1353566232539828225', '1354076932450312193');
INSERT INTO `mpoint` VALUES ('1354448022813077506', '116', '327', '4', '0', '1353566232539828225', '1354076933339504642');
INSERT INTO `mpoint` VALUES ('1354448023228313602', '91', '372', '1', '1', '1353565909800718337', '1354076929812094978');
INSERT INTO `mpoint` VALUES ('1354448023651938305', '108', '166', '1', '0', '1353566171617562626', '1354076921842917378');
INSERT INTO `mpoint` VALUES ('1354448024075563010', '51', '245', '-2', '0', '1353565909800718337', '1354448005079560194');
INSERT INTO `mpoint` VALUES ('1354448024499187713', '125', '205', '2', '0', '1353566007351840770', '1354448019486994433');
INSERT INTO `mpoint` VALUES ('1354448024922812418', '167', '445', '-1', '1', '1353566232539828225', '1354448016530010113');
INSERT INTO `mpoint` VALUES ('1354448025346437122', '84', '167', '1', '1', '1353566171617562626', '1354448012721582081');
INSERT INTO `mpoint` VALUES ('1354448025761673218', '34', '196', '4', '1', '1353566171617562626', '1354448014835511298');
INSERT INTO `mpoint` VALUES ('1354448026189492226', '53', '57', '-2', '0', '1353237205321003010', '1354448009332584449');
INSERT INTO `mpoint` VALUES ('1354448026608922625', '184', '478', '-2', '1', '1353566007351840770', '1354076928050487298');
INSERT INTO `mpoint` VALUES ('1354448027032547329', '28', '133', '0', '0', '1353566232539828225', '1354076937303121922');
INSERT INTO `mpoint` VALUES ('1354448027451977730', '115', '245', '-1', '1', '1353565909800718337', '1354076938192314370');
INSERT INTO `mpoint` VALUES ('1354448027871408130', '93', '332', '4', '1', '1353566232539828225', '1354076934216114177');
INSERT INTO `mpoint` VALUES ('1354448028299227137', '114', '248', '0', '1', '1353566007351840770', '1354448019486994433');
INSERT INTO `mpoint` VALUES ('1354448028718657538', '1', '36', '1', '0', '1353565909800718337', '1354076932899102721');
INSERT INTO `mpoint` VALUES ('1354448029133893633', '116', '367', '-3', '0', '1353565909800718337', '1354448015263330305');
INSERT INTO `mpoint` VALUES ('1354448029557518338', '49', '101', '-1', '0', '1353566171617562626', '1354076935096918017');
INSERT INTO `mpoint` VALUES ('1354448029976948737', '163', '243', '-1', '1', '1353566007351840770', '1354448011874332674');
INSERT INTO `mpoint` VALUES ('1354448030400573442', '103', '374', '5', '0', '1353237205321003010', '1354076924946702338');
INSERT INTO `mpoint` VALUES ('1354448030824198146', '69', '367', '0', '0', '1353237205321003010', '1354448013988261890');
INSERT INTO `mpoint` VALUES ('1354448031239434242', '78', '325', '1', '1', '1353566171617562626', '1354448010603458562');
INSERT INTO `mpoint` VALUES ('1354448031667253250', '124', '244', '2', '1', '1353237205321003010', '1354448009332584449');
INSERT INTO `mpoint` VALUES ('1354448032086683650', '12', '138', '5', '0', '1353566232539828225', '1354076921394126850');
INSERT INTO `mpoint` VALUES ('1354448032514502657', '94', '309', '0', '0', '1353565909800718337', '1354076923176706050');
INSERT INTO `mpoint` VALUES ('1354448032938127361', '182', '286', '-2', '1', '1353566007351840770', '1354448019486994433');
INSERT INTO `mpoint` VALUES ('1354448033361752066', '47', '193', '1', '0', '1353566171617562626', '1354448014835511298');
INSERT INTO `mpoint` VALUES ('1354448033781182466', '153', '340', '-1', '1', '1353565909800718337', '1354448008065904642');
INSERT INTO `mpoint` VALUES ('1354448034204807170', '122', '319', '1', '1', '1353566232539828225', '1354076931569508354');
INSERT INTO `mpoint` VALUES ('1354448034624237569', '32', '125', '3', '0', '1353566232539828225', '1354076935981916162');
INSERT INTO `mpoint` VALUES ('1354448035043667969', '23', '39', '4', '1', '1353566232539828225', '1354076934216114177');
INSERT INTO `mpoint` VALUES ('1354448035467292673', '41', '264', '3', '0', '1353566171617562626', '1354076935096918017');
INSERT INTO `mpoint` VALUES ('1354448035886723074', '175', '426', '1', '0', '1353237205321003010', '1354076936422318081');
INSERT INTO `mpoint` VALUES ('1354448036306153474', '58', '317', '-3', '0', '1353566232539828225', '1354076930248302593');
INSERT INTO `mpoint` VALUES ('1354448036738166786', '99', '149', '1', '0', '1353565909800718337', '1354076929812094978');
INSERT INTO `mpoint` VALUES ('1354448037153402881', '64', '101', '-1', '1', '1353566232539828225', '1354076921394126850');
INSERT INTO `mpoint` VALUES ('1354448037577027586', '180', '188', '1', '0', '1353565909800718337', '1354076932899102721');
INSERT INTO `mpoint` VALUES ('1354448037996457985', '32', '46', '1', '1', '1353565909800718337', '1354448005507379202');
INSERT INTO `mpoint` VALUES ('1354448038420082690', '12', '61', '1', '1', '1353565909800718337', '1354076924057509889');
INSERT INTO `mpoint` VALUES ('1354448038843707394', '198', '304', '1', '1', '1353237205321003010', '1354448020330049538');
INSERT INTO `mpoint` VALUES ('1354448039258943490', '154', '215', '4', '1', '1353566171617562626', '1354076935541514241');
INSERT INTO `mpoint` VALUES ('1354448039686762498', '114', '330', '2', '0', '1353566232539828225', '1354076930248302593');
INSERT INTO `mpoint` VALUES ('1354448040110387201', '108', '198', '5', '1', '1353566171617562626', '1354076936858525697');
INSERT INTO `mpoint` VALUES ('1354448040529817601', '130', '199', '-1', '1', '1353566232539828225', '1354448005935198210');
INSERT INTO `mpoint` VALUES ('1354448040945053697', '61', '302', '-2', '1', '1353566171617562626', '1354076934664904705');
INSERT INTO `mpoint` VALUES ('1354448041372872706', '146', '232', '-3', '0', '1353565909800718337', '1354448019906424834');
INSERT INTO `mpoint` VALUES ('1354448041792303105', '77', '299', '1', '1', '1353566171617562626', '1354076935541514241');
INSERT INTO `mpoint` VALUES ('1354448042220122114', '48', '310', '2', '0', '1353566232539828225', '1354076933339504642');
INSERT INTO `mpoint` VALUES ('1354448042639552514', '0', '102', '1', '0', '1353566007351840770', '1354448011031277569');
INSERT INTO `mpoint` VALUES ('1354448043058982914', '59', '131', '4', '1', '1353566007351840770', '1354448017377259521');
INSERT INTO `mpoint` VALUES ('1354448043490996225', '136', '271', '3', '0', '1353566171617562626', '1354448007214460930');
INSERT INTO `mpoint` VALUES ('1354448043914620929', '131', '284', '4', '0', '1353566171617562626', '1354076930688704514');
INSERT INTO `mpoint` VALUES ('1354448044342439937', '125', '337', '5', '0', '1353565909800718337', '1354076932899102721');
INSERT INTO `mpoint` VALUES ('1354448044757676033', '132', '139', '-3', '1', '1353565909800718337', '1354076922283319298');
INSERT INTO `mpoint` VALUES ('1354448045181300738', '156', '423', '1', '0', '1353566171617562626', '1354448018648133633');
INSERT INTO `mpoint` VALUES ('1354448045600731138', '140', '262', '-3', '0', '1353566171617562626', '1354448007214460930');
INSERT INTO `mpoint` VALUES ('1354448046028550146', '43', '339', '5', '0', '1353566007351840770', '1354448014411886593');
INSERT INTO `mpoint` VALUES ('1354448046447980545', '4', '185', '4', '1', '1353237205321003010', '1354076924946702338');
INSERT INTO `mpoint` VALUES ('1354448046863216641', '11', '73', '1', '0', '1353566232539828225', '1354076937743523841');
INSERT INTO `mpoint` VALUES ('1354448047286841345', '123', '309', '3', '1', '1353565909800718337', '1354448015263330305');
INSERT INTO `mpoint` VALUES ('1354448047706271746', '39', '276', '1', '0', '1353565909800718337', '1354076938192314370');
INSERT INTO `mpoint` VALUES ('1354448048129896450', '108', '229', '-1', '0', '1353566007351840770', '1354448011874332674');
INSERT INTO `mpoint` VALUES ('1354448048553521153', '161', '204', '1', '1', '1353566171617562626', '1354448014835511298');
INSERT INTO `mpoint` VALUES ('1354448048977145858', '57', '348', '-2', '0', '1353566232539828225', '1354448004660129794');
INSERT INTO `mpoint` VALUES ('1354448049392381953', '61', '161', '0', '1', '1353566171617562626', '1354076934664904705');
INSERT INTO `mpoint` VALUES ('1354448049820200962', '25', '195', '5', '1', '1353565909800718337', '1354076922723721217');
INSERT INTO `mpoint` VALUES ('1354448050239631361', '165', '172', '5', '0', '1353566007351840770', '1354448017377259521');
INSERT INTO `mpoint` VALUES ('1354448050663256066', '109', '231', '4', '1', '1353237205321003010', '1354448009764597761');
INSERT INTO `mpoint` VALUES ('1354448051082686465', '68', '78', '-2', '0', '1353565909800718337', '1354076932899102721');
INSERT INTO `mpoint` VALUES ('1354448051510505474', '136', '404', '4', '1', '1353566007351840770', '1354448019486994433');
INSERT INTO `mpoint` VALUES ('1354448051929935873', '31', '317', '5', '0', '1353566171617562626', '1354076924506300417');
INSERT INTO `mpoint` VALUES ('1354448052345171969', '116', '151', '4', '0', '1353566007351840770', '1354448014411886593');
INSERT INTO `mpoint` VALUES ('1354448052772990978', '118', '146', '5', '1', '1353566007351840770', '1354076926712504322');
INSERT INTO `mpoint` VALUES ('1354448053200809985', '169', '366', '-3', '0', '1353566171617562626', '1354076936858525697');
INSERT INTO `mpoint` VALUES ('1354448053620240386', '24', '228', '-1', '0', '1353566232539828225', '1354448008489529345');
INSERT INTO `mpoint` VALUES ('1354448054043865089', '183', '285', '3', '1', '1353565909800718337', '1354448007646474242');
INSERT INTO `mpoint` VALUES ('1354448054471684097', '133', '174', '4', '0', '1353237205321003010', '1354076927152906241');
INSERT INTO `mpoint` VALUES ('1354448054891114497', '77', '268', '1', '1', '1353566232539828225', '1354076937743523841');
INSERT INTO `mpoint` VALUES ('1354448055314739202', '182', '214', '4', '0', '1353565909800718337', '1354076932899102721');
INSERT INTO `mpoint` VALUES ('1354448055738363905', '82', '93', '1', '0', '1353566232539828225', '1354076930248302593');
INSERT INTO `mpoint` VALUES ('1354448056153600001', '184', '462', '4', '1', '1353565909800718337', '1354448015263330305');
INSERT INTO `mpoint` VALUES ('1354448056577224706', '8', '235', '5', '0', '1353566232539828225', '1354076937743523841');
INSERT INTO `mpoint` VALUES ('1354448057000849409', '198', '383', '3', '0', '1353566171617562626', '1354076930688704514');
INSERT INTO `mpoint` VALUES ('1354448057420279810', '168', '380', '-3', '1', '1353566171617562626', '1354448017792495618');
INSERT INTO `mpoint` VALUES ('1354448057843904514', '36', '199', '3', '0', '1353566171617562626', '1354448010603458562');
INSERT INTO `mpoint` VALUES ('1354448058263334913', '112', '270', '2', '0', '1353566232539828225', '1354076935981916162');
INSERT INTO `mpoint` VALUES ('1354448058686959618', '57', '300', '4', '1', '1353566171617562626', '1354448006358822913');
INSERT INTO `mpoint` VALUES ('1354448059110584321', '65', '253', '1', '0', '1353565909800718337', '1354448019906424834');
INSERT INTO `mpoint` VALUES ('1354448059530014721', '12', '65', '5', '0', '1353237205321003010', '1354448009764597761');
INSERT INTO `mpoint` VALUES ('1354448059949445122', '44', '340', '1', '0', '1353565909800718337', '1354076929812094978');
INSERT INTO `mpoint` VALUES ('1354448060373069825', '104', '366', '-3', '1', '1353565909800718337', '1354448016106385410');
INSERT INTO `mpoint` VALUES ('1354448060788305921', '52', '89', '4', '1', '1353237205321003010', '1354076928486694913');
INSERT INTO `mpoint` VALUES ('1354448061216124930', '163', '456', '2', '0', '1353237205321003010', '1354448020330049538');
INSERT INTO `mpoint` VALUES ('1354448061631361025', '79', '108', '-2', '0', '1353566171617562626', '1354448006358822913');
INSERT INTO `mpoint` VALUES ('1354448062050791425', '40', '160', '3', '1', '1353565909800718337', '1354076932899102721');
INSERT INTO `mpoint` VALUES ('1354448062470221825', '149', '241', '1', '1', '1353566007351840770', '1354448012293763074');
INSERT INTO `mpoint` VALUES ('1354448062893846529', '125', '279', '5', '1', '1353237205321003010', '1354448020330049538');
INSERT INTO `mpoint` VALUES ('1354448063317471234', '59', '220', '2', '1', '1353566171617562626', '1354448018220314626');
INSERT INTO `mpoint` VALUES ('1354448063736901633', '40', '122', '-1', '0', '1353566232539828225', '1354076932450312193');
INSERT INTO `mpoint` VALUES ('1354448064160526338', '9', '57', '1', '0', '1353565909800718337', '1354448019906424834');
INSERT INTO `mpoint` VALUES ('1354448064575762433', '107', '232', '3', '0', '1353566232539828225', '1354076925831700482');
INSERT INTO `mpoint` VALUES ('1354448064999387137', '111', '305', '2', '1', '1353237205321003010', '1354076928486694913');
INSERT INTO `mpoint` VALUES ('1354448065423011841', '158', '304', '-1', '1', '1353565909800718337', '1354076923176706050');
INSERT INTO `mpoint` VALUES ('1354448065842442241', '166', '396', '1', '0', '1353566171617562626', '1354076921842917378');
INSERT INTO `mpoint` VALUES ('1354448066266066946', '60', '192', '0', '0', '1353566232539828225', '1354076937303121922');
INSERT INTO `mpoint` VALUES ('1354448066685497346', '90', '98', '5', '0', '1353237205321003010', '1354448015682760705');
INSERT INTO `mpoint` VALUES ('1354448067109122050', '70', '302', '-2', '1', '1353566232539828225', '1354448004660129794');
INSERT INTO `mpoint` VALUES ('1354448067536941058', '109', '213', '3', '0', '1353566171617562626', '1354076935541514241');
INSERT INTO `mpoint` VALUES ('1354448067956371458', '117', '166', '4', '0', '1353237205321003010', '1354448009764597761');
INSERT INTO `mpoint` VALUES ('1354448068379996162', '86', '135', '-3', '1', '1353566171617562626', '1354448018648133633');
INSERT INTO `mpoint` VALUES ('1354448068795232258', '92', '132', '-3', '0', '1353566171617562626', '1354448012721582081');
INSERT INTO `mpoint` VALUES ('1354448069218856962', '152', '233', '-2', '0', '1353565909800718337', '1354076938192314370');
INSERT INTO `mpoint` VALUES ('1354448069642481666', '106', '404', '-2', '1', '1353237205321003010', '1354448013988261890');
INSERT INTO `mpoint` VALUES ('1354448070070300673', '87', '312', '4', '0', '1353237205321003010', '1354448019067564033');
INSERT INTO `mpoint` VALUES ('1354448070489731073', '13', '42', '4', '0', '1353566007351840770', '1354076927601696770');
INSERT INTO `mpoint` VALUES ('1354448070904967169', '165', '303', '4', '1', '1353566007351840770', '1354076927601696770');
INSERT INTO `mpoint` VALUES ('1354448071328591874', '131', '325', '1', '0', '1353237205321003010', '1354076936422318081');
INSERT INTO `mpoint` VALUES ('1354448071752216578', '90', '244', '-1', '1', '1353565909800718337', '1354076922723721217');
INSERT INTO `mpoint` VALUES ('1354448072171646978', '51', '178', '1', '0', '1353565909800718337', '1354448019906424834');
INSERT INTO `mpoint` VALUES ('1354448072586883074', '113', '149', '2', '1', '1353566007351840770', '1354076926267908097');
INSERT INTO `mpoint` VALUES ('1354448073010507777', '56', '219', '-3', '1', '1353566007351840770', '1354076931129106433');
INSERT INTO `mpoint` VALUES ('1354448073434132482', '71', '283', '-3', '0', '1353566007351840770', '1354076926712504322');
INSERT INTO `mpoint` VALUES ('1354448073853562882', '119', '327', '4', '0', '1353566007351840770', '1354448019486994433');
INSERT INTO `mpoint` VALUES ('1354448074272993281', '22', '33', '-1', '0', '1353566232539828225', '1354448005935198210');
INSERT INTO `mpoint` VALUES ('1354448074692423681', '182', '391', '1', '1', '1353237205321003010', '1354448013145206785');
INSERT INTO `mpoint` VALUES ('1354448075116048386', '63', '251', '3', '1', '1353565909800718337', '1354448005079560194');
INSERT INTO `mpoint` VALUES ('1354448075543867393', '93', '353', '3', '1', '1353566007351840770', '1354448011874332674');
INSERT INTO `mpoint` VALUES ('1354448075967492098', '6', '265', '4', '1', '1353566232539828225', '1354076930248302593');
INSERT INTO `mpoint` VALUES ('1354448076386922498', '129', '265', '4', '0', '1353566171617562626', '1354076921842917378');
INSERT INTO `mpoint` VALUES ('1354448076810547202', '167', '343', '0', '0', '1353237205321003010', '1354076923621302274');
INSERT INTO `mpoint` VALUES ('1354448077229977602', '139', '318', '-3', '0', '1353565909800718337', '1354448007646474242');
INSERT INTO `mpoint` VALUES ('1354448077653602305', '6', '22', '1', '1', '1353566232539828225', '1354076932450312193');
INSERT INTO `mpoint` VALUES ('1354448078073032706', '193', '390', '4', '0', '1353565909800718337', '1354448005079560194');
INSERT INTO `mpoint` VALUES ('1354448078492463105', '20', '147', '1', '1', '1353565909800718337', '1354076924057509889');
INSERT INTO `mpoint` VALUES ('1354448078911893506', '51', '332', '3', '0', '1353565909800718337', '1354448008065904642');
INSERT INTO `mpoint` VALUES ('1354448079331323906', '133', '167', '1', '1', '1353566171617562626', '1354076930688704514');
INSERT INTO `mpoint` VALUES ('1354448079750754306', '54', '306', '1', '1', '1353566007351840770', '1354448011031277569');
INSERT INTO `mpoint` VALUES ('1354448080170184705', '118', '126', '3', '1', '1353237205321003010', '1354448013988261890');
INSERT INTO `mpoint` VALUES ('1354448080593809410', '37', '272', '2', '0', '1353566232539828225', '1354076932450312193');
INSERT INTO `mpoint` VALUES ('1354448081013239809', '43', '48', '-1', '0', '1353566232539828225', '1354076934216114177');
INSERT INTO `mpoint` VALUES ('1354448081432670209', '116', '398', '5', '1', '1353565909800718337', '1354076922283319298');
INSERT INTO `mpoint` VALUES ('1354448081852100610', '38', '120', '4', '0', '1353566007351840770', '1354448011031277569');
INSERT INTO `mpoint` VALUES ('1354448082279919617', '183', '355', '-1', '1', '1353566171617562626', '1354448014835511298');
INSERT INTO `mpoint` VALUES ('1354448082703544321', '11', '303', '1', '0', '1353566171617562626', '1354076921842917378');
INSERT INTO `mpoint` VALUES ('1354448083127169026', '111', '141', '3', '0', '1353566171617562626', '1354448014835511298');
INSERT INTO `mpoint` VALUES ('1354448083546599425', '144', '416', '5', '0', '1353565909800718337', '1354448010184028162');
INSERT INTO `mpoint` VALUES ('1354448083974418434', '134', '170', '1', '0', '1353566232539828225', '1354448004660129794');
INSERT INTO `mpoint` VALUES ('1354448084393848834', '25', '69', '0', '0', '1353566232539828225', '1354076932450312193');
INSERT INTO `mpoint` VALUES ('1354448084813279233', '24', '202', '-2', '0', '1353237205321003010', '1354076927152906241');
INSERT INTO `mpoint` VALUES ('1354448085232709634', '82', '159', '-1', '0', '1353566171617562626', '1354448017792495618');
INSERT INTO `mpoint` VALUES ('1354448085652140034', '170', '443', '3', '1', '1353237205321003010', '1354448019067564033');
INSERT INTO `mpoint` VALUES ('1354448086075764738', '61', '238', '2', '0', '1353566171617562626', '1354448012721582081');
INSERT INTO `mpoint` VALUES ('1354448086495195137', '144', '302', '2', '0', '1353565909800718337', '1354448016106385410');
INSERT INTO `mpoint` VALUES ('1354448086910431233', '27', '94', '5', '1', '1353566232539828225', '1354076930248302593');
INSERT INTO `mpoint` VALUES ('1354448087334055937', '46', '46', '-3', '1', '1353237205321003010', '1354448020330049538');
INSERT INTO `mpoint` VALUES ('1354448087757680642', '168', '278', '1', '0', '1353237205321003010', '1354448008913154050');
INSERT INTO `mpoint` VALUES ('1354448088172916738', '49', '171', '-3', '1', '1353237205321003010', '1354076929371693058');
INSERT INTO `mpoint` VALUES ('1354448088600735746', '62', '189', '5', '1', '1353566171617562626', '1354448014835511298');
INSERT INTO `mpoint` VALUES ('1354448089015971841', '110', '349', '2', '1', '1353237205321003010', '1354076927152906241');
INSERT INTO `mpoint` VALUES ('1354448089435402242', '98', '314', '5', '0', '1353566232539828225', '1354076931569508354');
INSERT INTO `mpoint` VALUES ('1354448089863221250', '144', '391', '2', '1', '1353566171617562626', '1354076924506300417');
INSERT INTO `mpoint` VALUES ('1354448090286845954', '77', '359', '1', '1', '1353566007351840770', '1354448011031277569');
INSERT INTO `mpoint` VALUES ('1354448090706276353', '0', '11', '-1', '0', '1353566007351840770', '1354076931129106433');
INSERT INTO `mpoint` VALUES ('1354448091125706754', '99', '269', '-3', '1', '1353566232539828225', '1354448005935198210');
INSERT INTO `mpoint` VALUES ('1354448091549331458', '190', '375', '2', '0', '1353566171617562626', '1354448018648133633');
INSERT INTO `mpoint` VALUES ('1354448091968761857', '55', '199', '1', '1', '1353237205321003010', '1354076928486694913');
INSERT INTO `mpoint` VALUES ('1354448092392386561', '21', '283', '2', '1', '1353566007351840770', '1354448011874332674');
INSERT INTO `mpoint` VALUES ('1354448092807622657', '63', '291', '-1', '0', '1353566171617562626', '1354448018648133633');
INSERT INTO `mpoint` VALUES ('1354448093231247361', '18', '223', '1', '0', '1353566171617562626', '1354076930688704514');
INSERT INTO `mpoint` VALUES ('1354448093646483457', '91', '138', '-2', '1', '1353565909800718337', '1354076932899102721');
INSERT INTO `mpoint` VALUES ('1354448094070108161', '5', '70', '1', '0', '1353237205321003010', '1354448009332584449');
INSERT INTO `mpoint` VALUES ('1354448094493732865', '33', '140', '-2', '0', '1353566007351840770', '1354448011031277569');
INSERT INTO `mpoint` VALUES ('1354448094913163266', '1', '188', '1', '1', '1353566232539828225', '1354448004660129794');
INSERT INTO `mpoint` VALUES ('1354448095336787969', '131', '334', '-3', '0', '1353566171617562626', '1354076935541514241');
INSERT INTO `mpoint` VALUES ('1354448095756218370', '191', '205', '-1', '1', '1353566171617562626', '1354448006358822913');
INSERT INTO `mpoint` VALUES ('1354448096179843073', '105', '107', '1', '1', '1353566232539828225', '1354076937303121922');
INSERT INTO `mpoint` VALUES ('1354448096595079169', '16', '16', '5', '1', '1353566232539828225', '1354448016530010113');
INSERT INTO `mpoint` VALUES ('1354448097010315266', '139', '377', '5', '0', '1353565909800718337', '1354448004232310786');
INSERT INTO `mpoint` VALUES ('1354448097438134273', '127', '388', '-1', '1', '1353237205321003010', '1354448009764597761');
INSERT INTO `mpoint` VALUES ('1354448097857564674', '70', '303', '1', '0', '1353565909800718337', '1354448005079560194');
INSERT INTO `mpoint` VALUES ('1354448098281189378', '181', '352', '-3', '1', '1353237205321003010', '1354076932014104577');
INSERT INTO `mpoint` VALUES ('1354448098709008386', '48', '323', '-2', '0', '1353566007351840770', '1354076927601696770');
INSERT INTO `mpoint` VALUES ('1354448099128438786', '6', '299', '3', '0', '1353566171617562626', '1354448010603458562');
INSERT INTO `mpoint` VALUES ('1354448099547869185', '6', '130', '4', '1', '1353566232539828225', '1354076933339504642');
INSERT INTO `mpoint` VALUES ('1354448099967299585', '74', '140', '2', '1', '1353566171617562626', '1354448012721582081');
INSERT INTO `mpoint` VALUES ('1354448100390924290', '10', '92', '-1', '1', '1353566007351840770', '1354076926267908097');
INSERT INTO `mpoint` VALUES ('1354448100814548993', '143', '226', '-2', '1', '1353237205321003010', '1354448011450707970');
INSERT INTO `mpoint` VALUES ('1354448101229785090', '58', '273', '-1', '1', '1353566007351840770', '1354448017377259521');
INSERT INTO `mpoint` VALUES ('1354448101661798402', '50', '330', '4', '0', '1353566171617562626', '1354448014835511298');
INSERT INTO `mpoint` VALUES ('1354448102081228802', '146', '311', '1', '0', '1353565909800718337', '1354076929812094978');
INSERT INTO `mpoint` VALUES ('1354448102500659202', '197', '493', '5', '0', '1353237205321003010', '1354076932014104577');
INSERT INTO `mpoint` VALUES ('1354448102920089602', '91', '377', '-1', '0', '1353565909800718337', '1354076929812094978');
INSERT INTO `mpoint` VALUES ('1354448103339520001', '170', '181', '-1', '0', '1353237205321003010', '1354448008913154050');
INSERT INTO `mpoint` VALUES ('1354448103763144706', '149', '372', '-1', '1', '1353566232539828225', '1354076935981916162');
INSERT INTO `mpoint` VALUES ('1354448104182575105', '110', '312', '1', '1', '1353566171617562626', '1354448007214460930');
INSERT INTO `mpoint` VALUES ('1354448104606199809', '80', '173', '2', '0', '1353565909800718337', '1354448015263330305');
INSERT INTO `mpoint` VALUES ('1354448105021435906', '42', '108', '-3', '1', '1353566171617562626', '1354076924506300417');
INSERT INTO `mpoint` VALUES ('1354448105445060610', '104', '332', '1', '0', '1353566171617562626', '1354448006358822913');
INSERT INTO `mpoint` VALUES ('1354448105868685313', '188', '266', '5', '1', '1353566171617562626', '1354076935096918017');
INSERT INTO `mpoint` VALUES ('1354448106283921409', '62', '326', '3', '0', '1353566171617562626', '1354448007214460930');
INSERT INTO `mpoint` VALUES ('1354448106707546113', '42', '201', '5', '1', '1353566232539828225', '1354076921394126850');
INSERT INTO `mpoint` VALUES ('1354448107126976513', '195', '296', '1', '0', '1353566232539828225', '1354448016530010113');
INSERT INTO `mpoint` VALUES ('1354448107546406914', '55', '121', '-2', '1', '1353566171617562626', '1354076924506300417');
INSERT INTO `mpoint` VALUES ('1354448107970031618', '127', '277', '5', '0', '1353566007351840770', '1354448013568831489');
INSERT INTO `mpoint` VALUES ('1354448108393656322', '47', '184', '1', '0', '1353566007351840770', '1354448017377259521');
INSERT INTO `mpoint` VALUES ('1354448108813086721', '39', '90', '0', '0', '1353237205321003010', '1354448009764597761');
INSERT INTO `mpoint` VALUES ('1354448109236711425', '60', '322', '3', '0', '1353566171617562626', '1354448006786641921');
INSERT INTO `mpoint` VALUES ('1354448109656141826', '92', '93', '2', '0', '1353566171617562626', '1354448014835511298');
INSERT INTO `mpoint` VALUES ('1354448110075572226', '28', '122', '-2', '1', '1353566007351840770', '1354448013568831489');
INSERT INTO `mpoint` VALUES ('1354448110495002625', '16', '263', '-3', '1', '1353566232539828225', '1354076921394126850');
INSERT INTO `mpoint` VALUES ('1354448110918627329', '2', '240', '2', '0', '1353566232539828225', '1354448008489529345');
INSERT INTO `mpoint` VALUES ('1354448111338057729', '107', '362', '1', '1', '1353237205321003010', '1354448013988261890');
INSERT INTO `mpoint` VALUES ('1354448111753293826', '89', '309', '2', '0', '1353237205321003010', '1354448008913154050');
INSERT INTO `mpoint` VALUES ('1354448112176918530', '116', '226', '-2', '1', '1353566232539828225', '1354076931569508354');
INSERT INTO `mpoint` VALUES ('1354448112596348929', '16', '88', '0', '0', '1353237205321003010', '1354076928486694913');
INSERT INTO `mpoint` VALUES ('1354448113019973634', '3', '287', '0', '1', '1353237205321003010', '1354448013145206785');
INSERT INTO `mpoint` VALUES ('1354448113439404033', '8', '78', '-3', '1', '1353565909800718337', '1354448007646474242');
INSERT INTO `mpoint` VALUES ('1354448113863028737', '82', '343', '4', '1', '1353566171617562626', '1354076921842917378');
INSERT INTO `mpoint` VALUES ('1354448114286653442', '65', '186', '1', '1', '1353237205321003010', '1354448020330049538');
INSERT INTO `mpoint` VALUES ('1354448114706083841', '12', '225', '-3', '1', '1353566232539828225', '1354076931569508354');
INSERT INTO `mpoint` VALUES ('1354448115125514241', '139', '197', '4', '1', '1353566171617562626', '1354076930688704514');
INSERT INTO `mpoint` VALUES ('1354448115544944641', '37', '285', '4', '0', '1353565909800718337', '1354448008065904642');
INSERT INTO `mpoint` VALUES ('1354448115964375041', '73', '229', '0', '1', '1353566007351840770', '1354448011031277569');
INSERT INTO `mpoint` VALUES ('1354448116387999746', '56', '234', '0', '0', '1353566232539828225', '1354076931569508354');
INSERT INTO `mpoint` VALUES ('1354448116811624450', '24', '231', '5', '1', '1353566171617562626', '1354076935541514241');
INSERT INTO `mpoint` VALUES ('1354448117235249154', '111', '156', '1', '0', '1353566171617562626', '1354076921842917378');
INSERT INTO `mpoint` VALUES ('1354448117663068162', '45', '193', '-1', '0', '1353566232539828225', '1354076932450312193');
INSERT INTO `mpoint` VALUES ('1354448118078304258', '109', '219', '3', '0', '1353565909800718337', '1354448019906424834');
INSERT INTO `mpoint` VALUES ('1354448118510317569', '13', '309', '3', '0', '1353565909800718337', '1354076924057509889');
INSERT INTO `mpoint` VALUES ('1354448118925553665', '111', '151', '1', '1', '1353566232539828225', '1354076933339504642');
INSERT INTO `mpoint` VALUES ('1354448119353372673', '0', '249', '0', '1', '1353566232539828225', '1354076930248302593');
INSERT INTO `mpoint` VALUES ('1354448119764414466', '81', '322', '1', '1', '1353565909800718337', '1354076929812094978');
INSERT INTO `mpoint` VALUES ('1354448120188039169', '61', '239', '0', '0', '1353566007351840770', '1354076931129106433');
INSERT INTO `mpoint` VALUES ('1354448120615858177', '117', '121', '3', '1', '1353566171617562626', '1354448006786641921');
INSERT INTO `mpoint` VALUES ('1354448121035288578', '169', '434', '-2', '1', '1353566232539828225', '1354076937743523841');
INSERT INTO `mpoint` VALUES ('1354448121450524673', '37', '212', '3', '0', '1353237205321003010', '1354076928486694913');
INSERT INTO `mpoint` VALUES ('1354448121874149378', '155', '247', '1', '1', '1353566007351840770', '1354448019486994433');
INSERT INTO `mpoint` VALUES ('1354448122293579778', '1', '284', '4', '1', '1353237205321003010', '1354076929371693058');
INSERT INTO `mpoint` VALUES ('1354448122721398785', '118', '139', '2', '1', '1353565909800718337', '1354076922723721217');
INSERT INTO `mpoint` VALUES ('1354448123140829186', '163', '228', '1', '1', '1353237205321003010', '1354448009764597761');
INSERT INTO `mpoint` VALUES ('1354448123560259586', '186', '338', '0', '0', '1353237205321003010', '1354448011450707970');
INSERT INTO `mpoint` VALUES ('1354448567275626497', '134', '373', '-3', '0', '1353566171617562626', '1354076935541514241');
INSERT INTO `mpoint` VALUES ('1354448567623753729', '186', '383', '3', '0', '1353237205321003010', '1354076932014104577');
INSERT INTO `mpoint` VALUES ('1354448567967686657', '147', '337', '-3', '1', '1353566171617562626', '1354448018648133633');
INSERT INTO `mpoint` VALUES ('1354448568311619585', '167', '452', '5', '1', '1353566007351840770', '1354448012293763074');
INSERT INTO `mpoint` VALUES ('1354448568651358209', '165', '168', '-2', '0', '1353566171617562626', '1354076936858525697');
INSERT INTO `mpoint` VALUES ('1354448568999485442', '37', '214', '5', '0', '1353566171617562626', '1354448014835511298');
INSERT INTO `mpoint` VALUES ('1354448569343418369', '58', '304', '1', '1', '1353566171617562626', '1354076936858525697');
INSERT INTO `mpoint` VALUES ('1354448569687351297', '116', '386', '-3', '1', '1353566171617562626', '1354448559583272961');
INSERT INTO `mpoint` VALUES ('1354448570031284226', '38', '209', '0', '1', '1353566007351840770', '1354448554743046145');
INSERT INTO `mpoint` VALUES ('1354448570375217153', '188', '374', '2', '0', '1353566171617562626', '1354448557855219714');
INSERT INTO `mpoint` VALUES ('1354448570719150081', '110', '163', '-2', '1', '1353565909800718337', '1354076938192314370');
INSERT INTO `mpoint` VALUES ('1354448571058888706', '37', '93', '-3', '0', '1353566171617562626', '1354076935541514241');
INSERT INTO `mpoint` VALUES ('1354448571411210241', '63', '257', '3', '0', '1353237205321003010', '1354448565446909953');
INSERT INTO `mpoint` VALUES ('1354448571755143169', '17', '184', '2', '1', '1353565909800718337', '1354448555086979073');
INSERT INTO `mpoint` VALUES ('1354448572103270402', '68', '335', '-2', '1', '1353565909800718337', '1354448019906424834');
INSERT INTO `mpoint` VALUES ('1354448572438814721', '4', '52', '-2', '0', '1353237205321003010', '1354448019067564033');
INSERT INTO `mpoint` VALUES ('1354448572791136257', '67', '241', '5', '0', '1353566232539828225', '1354448553698664450');
INSERT INTO `mpoint` VALUES ('1354448573135069185', '12', '13', '0', '0', '1353566171617562626', '1354448010603458562');
INSERT INTO `mpoint` VALUES ('1354448573479002114', '51', '332', '4', '1', '1353566232539828225', '1354076931569508354');
INSERT INTO `mpoint` VALUES ('1354448573827129345', '185', '327', '1', '0', '1353566232539828225', '1354076928931291137');
INSERT INTO `mpoint` VALUES ('1354448574171062273', '92', '383', '-2', '1', '1353565909800718337', '1354448005079560194');
INSERT INTO `mpoint` VALUES ('1354448574510800897', '3', '178', '0', '0', '1353566007351840770', '1354076926712504322');
INSERT INTO `mpoint` VALUES ('1354448574858928129', '170', '203', '1', '1', '1353565909800718337', '1354448015263330305');
INSERT INTO `mpoint` VALUES ('1354448575202861058', '148', '185', '0', '0', '1353566007351840770', '1354076928050487298');
INSERT INTO `mpoint` VALUES ('1354448575546793985', '192', '351', '0', '0', '1353565909800718337', '1354448556475293697');
INSERT INTO `mpoint` VALUES ('1354448575886532610', '98', '374', '4', '1', '1353566171617562626', '1354076925387104258');
INSERT INTO `mpoint` VALUES ('1354448576230465538', '134', '404', '2', '1', '1353565909800718337', '1354448016106385410');
INSERT INTO `mpoint` VALUES ('1354448576578592770', '90', '219', '3', '0', '1353566007351840770', '1354448011874332674');
INSERT INTO `mpoint` VALUES ('1354448576922525698', '71', '177', '2', '0', '1353566171617562626', '1354448018220314626');
INSERT INTO `mpoint` VALUES ('1354448577270652930', '43', '263', '1', '1', '1353566007351840770', '1354448019486994433');
INSERT INTO `mpoint` VALUES ('1354448577610391553', '137', '266', '4', '0', '1353566232539828225', '1354076930248302593');
INSERT INTO `mpoint` VALUES ('1354448577958518785', '93', '386', '-1', '1', '1353566007351840770', '1354076928050487298');
INSERT INTO `mpoint` VALUES ('1354448578302451714', '89', '187', '-2', '1', '1353566007351840770', '1354448555435106305');
INSERT INTO `mpoint` VALUES ('1354448578642190337', '37', '60', '3', '0', '1353237205321003010', '1354448009332584449');
INSERT INTO `mpoint` VALUES ('1354448578986123266', '59', '139', '1', '0', '1353565909800718337', '1354076938192314370');
INSERT INTO `mpoint` VALUES ('1354448579330056193', '39', '118', '-2', '1', '1353566232539828225', '1354448556127166466');
INSERT INTO `mpoint` VALUES ('1354448579673989122', '123', '307', '3', '1', '1353566232539828225', '1354448004660129794');
INSERT INTO `mpoint` VALUES ('1354448580022116353', '8', '30', '0', '0', '1353566171617562626', '1354448018648133633');
INSERT INTO `mpoint` VALUES ('1354448580366049282', '163', '193', '-2', '0', '1353237205321003010', '1354448560623460353');
INSERT INTO `mpoint` VALUES ('1354448580705787906', '38', '309', '2', '0', '1353565909800718337', '1354448007646474242');
INSERT INTO `mpoint` VALUES ('1354448581053915137', '98', '226', '1', '1', '1353237205321003010', '1354076936422318081');
INSERT INTO `mpoint` VALUES ('1354448581397848066', '197', '294', '1', '0', '1353566232539828225', '1354076928931291137');
INSERT INTO `mpoint` VALUES ('1354448581750169601', '197', '226', '-3', '0', '1353566171617562626', '1354448014835511298');
INSERT INTO `mpoint` VALUES ('1354448582102491137', '177', '197', '-1', '1', '1353566007351840770', '1354448564754849794');
INSERT INTO `mpoint` VALUES ('1354448582446424065', '188', '352', '0', '0', '1353565909800718337', '1354076929812094978');
INSERT INTO `mpoint` VALUES ('1354448582786162690', '178', '438', '-3', '1', '1353566232539828225', '1354076925831700482');
INSERT INTO `mpoint` VALUES ('1354448583138484226', '92', '356', '2', '0', '1353566171617562626', '1354448558551474178');
INSERT INTO `mpoint` VALUES ('1354448583482417154', '63', '357', '3', '1', '1353565909800718337', '1354448010184028162');
INSERT INTO `mpoint` VALUES ('1354448583830544386', '149', '266', '2', '0', '1353566171617562626', '1354076930688704514');
INSERT INTO `mpoint` VALUES ('1354448584174477313', '186', '305', '2', '1', '1353565909800718337', '1354448562343124993');
INSERT INTO `mpoint` VALUES ('1354448584518410242', '103', '313', '1', '1', '1353237205321003010', '1354448009764597761');
INSERT INTO `mpoint` VALUES ('1354448584870731778', '149', '336', '1', '1', '1353566007351840770', '1354448019486994433');
INSERT INTO `mpoint` VALUES ('1354448585214664705', '94', '380', '2', '0', '1353237205321003010', '1354448554046791682');
INSERT INTO `mpoint` VALUES ('1354448585558597633', '32', '226', '4', '0', '1353237205321003010', '1354448009764597761');
INSERT INTO `mpoint` VALUES ('1354448585898336258', '31', '73', '0', '1', '1353566171617562626', '1354448559931400194');
INSERT INTO `mpoint` VALUES ('1354448586242269186', '63', '78', '-2', '1', '1353237205321003010', '1354448563723051009');
INSERT INTO `mpoint` VALUES ('1354448586590396417', '110', '286', '-3', '1', '1353565909800718337', '1354448562003386370');
INSERT INTO `mpoint` VALUES ('1354448586934329345', '59', '333', '1', '0', '1353237205321003010', '1354448554046791682');
INSERT INTO `mpoint` VALUES ('1354448587274067970', '86', '87', '3', '1', '1353237205321003010', '1354448015682760705');
INSERT INTO `mpoint` VALUES ('1354448587622195201', '172', '185', '3', '0', '1353566007351840770', '1354448565098782721');
INSERT INTO `mpoint` VALUES ('1354448587966128129', '140', '317', '-3', '0', '1353566171617562626', '1354448014835511298');
INSERT INTO `mpoint` VALUES ('1354448588314255362', '9', '232', '2', '0', '1353566007351840770', '1354076926712504322');
INSERT INTO `mpoint` VALUES ('1354448588662382593', '192', '320', '-2', '1', '1353566232539828225', '1354076925831700482');
INSERT INTO `mpoint` VALUES ('1354448589002121217', '150', '321', '0', '0', '1353566007351840770', '1354448011031277569');
INSERT INTO `mpoint` VALUES ('1354448589350248450', '185', '291', '-2', '1', '1353565909800718337', '1354448564419305474');
INSERT INTO `mpoint` VALUES ('1354448589689987074', '175', '431', '3', '1', '1353565909800718337', '1354448008065904642');
INSERT INTO `mpoint` VALUES ('1354448590033920001', '188', '336', '-3', '1', '1353237205321003010', '1354076933784100865');
INSERT INTO `mpoint` VALUES ('1354448590382047234', '70', '153', '-2', '0', '1353565909800718337', '1354076938192314370');
INSERT INTO `mpoint` VALUES ('1354448590721785858', '90', '308', '3', '0', '1353565909800718337', '1354448555086979073');
INSERT INTO `mpoint` VALUES ('1354448591069913090', '46', '153', '-2', '1', '1353237205321003010', '1354448558895407106');
INSERT INTO `mpoint` VALUES ('1354448591418040322', '195', '355', '-2', '1', '1353565909800718337', '1354448010184028162');
INSERT INTO `mpoint` VALUES ('1354448591753584641', '186', '187', '1', '0', '1353237205321003010', '1354448011450707970');
INSERT INTO `mpoint` VALUES ('1354448592105906177', '162', '383', '1', '1', '1353237205321003010', '1354448009332584449');
INSERT INTO `mpoint` VALUES ('1354448592449839106', '143', '438', '2', '0', '1353566232539828225', '1354448556127166466');
INSERT INTO `mpoint` VALUES ('1354448592797966337', '126', '409', '-2', '0', '1353237205321003010', '1354448013145206785');
INSERT INTO `mpoint` VALUES ('1354448593146093570', '89', '367', '4', '0', '1353237205321003010', '1354448008913154050');
INSERT INTO `mpoint` VALUES ('1354448593485832194', '82', '251', '4', '1', '1353237205321003010', '1354076929371693058');
INSERT INTO `mpoint` VALUES ('1354448593833959426', '110', '366', '2', '0', '1353566171617562626', '1354448006786641921');
INSERT INTO `mpoint` VALUES ('1354448594173698050', '170', '202', '1', '0', '1353237205321003010', '1354448561311326210');
INSERT INTO `mpoint` VALUES ('1354448594521825282', '36', '161', '3', '1', '1353566232539828225', '1354076933339504642');
INSERT INTO `mpoint` VALUES ('1354448594869952514', '67', '92', '0', '0', '1353566007351840770', '1354076926712504322');
INSERT INTO `mpoint` VALUES ('1354448595205496833', '153', '240', '-1', '1', '1353566232539828225', '1354448556127166466');
INSERT INTO `mpoint` VALUES ('1354448595562012673', '78', '195', '2', '1', '1353237205321003010', '1354448015682760705');
INSERT INTO `mpoint` VALUES ('1354448595905945601', '38', '247', '4', '1', '1353566171617562626', '1354448016949440513');
INSERT INTO `mpoint` VALUES ('1354448596254072833', '17', '215', '2', '0', '1353566171617562626', '1354448557163159554');
INSERT INTO `mpoint` VALUES ('1354448596598005761', '31', '316', '0', '0', '1353566232539828225', '1354076932450312193');
INSERT INTO `mpoint` VALUES ('1354448596937744385', '90', '135', '4', '1', '1353566007351840770', '1354448559239340034');
INSERT INTO `mpoint` VALUES ('1354448597285871618', '100', '165', '2', '1', '1353566171617562626', '1354076935541514241');
INSERT INTO `mpoint` VALUES ('1354448597629804545', '41', '126', '5', '1', '1353237205321003010', '1354076933784100865');
INSERT INTO `mpoint` VALUES ('1354448597969543170', '124', '339', '3', '0', '1353565909800718337', '1354076924057509889');
INSERT INTO `mpoint` VALUES ('1354448598326059010', '49', '152', '1', '1', '1353565909800718337', '1354076932899102721');
INSERT INTO `mpoint` VALUES ('1354448598665797633', '52', '273', '-2', '1', '1353566007351840770', '1354448019486994433');
INSERT INTO `mpoint` VALUES ('1354448599005536257', '26', '59', '-3', '1', '1353237205321003010', '1354076920945336322');
INSERT INTO `mpoint` VALUES ('1354448599357857793', '35', '196', '1', '0', '1353565909800718337', '1354076932899102721');
INSERT INTO `mpoint` VALUES ('1354448599701790721', '46', '343', '4', '1', '1353237205321003010', '1354448009764597761');
INSERT INTO `mpoint` VALUES ('1354448600045723650', '64', '111', '4', '1', '1353566007351840770', '1354076926712504322');
INSERT INTO `mpoint` VALUES ('1354448600393850882', '174', '416', '-2', '0', '1353565909800718337', '1354448555086979073');
INSERT INTO `mpoint` VALUES ('1354448600733589506', '130', '250', '0', '0', '1353565909800718337', '1354076938192314370');
INSERT INTO `mpoint` VALUES ('1354448601081716738', '97', '271', '1', '0', '1353566232539828225', '1354448005935198210');
INSERT INTO `mpoint` VALUES ('1354448601429843970', '114', '341', '5', '1', '1353565909800718337', '1354076923176706050');
INSERT INTO `mpoint` VALUES ('1354448601777971201', '153', '252', '-1', '0', '1353566171617562626', '1354448018220314626');
INSERT INTO `mpoint` VALUES ('1354448602117709825', '176', '459', '1', '1', '1353237205321003010', '1354448020330049538');
INSERT INTO `mpoint` VALUES ('1354448602465837058', '49', '70', '5', '1', '1353565909800718337', '1354448005507379202');
INSERT INTO `mpoint` VALUES ('1354448602805575682', '0', '172', '-2', '0', '1353565909800718337', '1354448563035185154');
INSERT INTO `mpoint` VALUES ('1354448603149508610', '103', '212', '1', '1', '1353237205321003010', '1354448561311326210');
INSERT INTO `mpoint` VALUES ('1354448603497635841', '112', '380', '1', '1', '1353566232539828225', '1354076921394126850');
INSERT INTO `mpoint` VALUES ('1354448603841568770', '106', '350', '-1', '0', '1353565909800718337', '1354448008065904642');
INSERT INTO `mpoint` VALUES ('1354448604185501697', '40', '45', '4', '0', '1353566232539828225', '1354076933339504642');
INSERT INTO `mpoint` VALUES ('1354448604529434625', '64', '103', '0', '0', '1353566007351840770', '1354448559239340034');
INSERT INTO `mpoint` VALUES ('1354448604877561857', '117', '345', '-3', '1', '1353566007351840770', '1354076928050487298');
INSERT INTO `mpoint` VALUES ('1354448605221494786', '175', '449', '5', '0', '1353566007351840770', '1354448560279527425');
INSERT INTO `mpoint` VALUES ('1354448605565427713', '11', '257', '5', '0', '1353566007351840770', '1354448017377259521');
INSERT INTO `mpoint` VALUES ('1354448605909360641', '102', '311', '3', '1', '1353237205321003010', '1354448563723051009');
INSERT INTO `mpoint` VALUES ('1354448606253293570', '14', '89', '-2', '0', '1353237205321003010', '1354076928486694913');
INSERT INTO `mpoint` VALUES ('1354448606597226498', '160', '194', '-2', '1', '1353566171617562626', '1354448559583272961');
INSERT INTO `mpoint` VALUES ('1354448606936965121', '117', '182', '1', '0', '1353566171617562626', '1354448558551474178');
INSERT INTO `mpoint` VALUES ('1354448607280898049', '52', '82', '-3', '0', '1353565909800718337', '1354076932899102721');
INSERT INTO `mpoint` VALUES ('1354448607629025281', '91', '161', '-2', '1', '1353565909800718337', '1354448555086979073');
INSERT INTO `mpoint` VALUES ('1354448607972958209', '4', '23', '2', '1', '1353566171617562626', '1354448006358822913');
INSERT INTO `mpoint` VALUES ('1354448608316891137', '10', '231', '0', '1', '1353566007351840770', '1354448014411886593');
INSERT INTO `mpoint` VALUES ('1354448608665018369', '104', '278', '1', '0', '1353237205321003010', '1354448015682760705');
INSERT INTO `mpoint` VALUES ('1354448609008951298', '149', '433', '4', '0', '1353237205321003010', '1354448009332584449');
INSERT INTO `mpoint` VALUES ('1354448609357078530', '158', '356', '4', '0', '1353565909800718337', '1354076932899102721');
INSERT INTO `mpoint` VALUES ('1354448609696817154', '81', '360', '2', '1', '1353565909800718337', '1354448555086979073');
INSERT INTO `mpoint` VALUES ('1354448610040750081', '184', '244', '1', '0', '1353237205321003010', '1354448020330049538');
INSERT INTO `mpoint` VALUES ('1354448610384683010', '73', '143', '-2', '1', '1353565909800718337', '1354448004232310786');
INSERT INTO `mpoint` VALUES ('1354448610737004546', '11', '115', '1', '1', '1353566232539828225', '1354076930248302593');
INSERT INTO `mpoint` VALUES ('1354448611076743170', '59', '227', '4', '0', '1353566171617562626', '1354076930688704514');
INSERT INTO `mpoint` VALUES ('1354448611420676097', '55', '89', '0', '0', '1353566007351840770', '1354448560279527425');
INSERT INTO `mpoint` VALUES ('1354448611764609025', '35', '75', '1', '0', '1353565909800718337', '1354448555783233538');
INSERT INTO `mpoint` VALUES ('1354448612112736258', '8', '286', '-3', '1', '1353565909800718337', '1354076922723721217');
INSERT INTO `mpoint` VALUES ('1354448612452474881', '115', '228', '1', '1', '1353565909800718337', '1354448005507379202');
INSERT INTO `mpoint` VALUES ('1354448612800602113', '168', '341', '-2', '1', '1353565909800718337', '1354076929812094978');
INSERT INTO `mpoint` VALUES ('1354448613140340737', '77', '251', '0', '1', '1353237205321003010', '1354448558895407106');
INSERT INTO `mpoint` VALUES ('1354448613488467969', '46', '178', '1', '0', '1353565909800718337', '1354448563035185154');
INSERT INTO `mpoint` VALUES ('1354448613828206594', '31', '235', '1', '1', '1353237205321003010', '1354448013988261890');
INSERT INTO `mpoint` VALUES ('1354448614172139522', '184', '270', '-2', '0', '1353565909800718337', '1354448564071178242');
INSERT INTO `mpoint` VALUES ('1354448614520266754', '96', '240', '-3', '1', '1353566171617562626', '1354448012721582081');
INSERT INTO `mpoint` VALUES ('1354448614860005378', '145', '384', '-2', '0', '1353237205321003010', '1354448560623460353');
INSERT INTO `mpoint` VALUES ('1354448615212326914', '100', '178', '1', '1', '1353566171617562626', '1354448006358822913');
INSERT INTO `mpoint` VALUES ('1354448615556259842', '7', '280', '5', '0', '1353566007351840770', '1354448011031277569');
INSERT INTO `mpoint` VALUES ('1354448615891804162', '9', '224', '4', '1', '1353237205321003010', '1354448013988261890');
INSERT INTO `mpoint` VALUES ('1354448616239931393', '187', '222', '1', '1', '1353565909800718337', '1354448007646474242');
INSERT INTO `mpoint` VALUES ('1354448616579670018', '12', '23', '5', '0', '1353237205321003010', '1354076923621302274');
INSERT INTO `mpoint` VALUES ('1354448616923602945', '78', '103', '2', '0', '1353566171617562626', '1354076936858525697');
INSERT INTO `mpoint` VALUES ('1354448617267535874', '76', '322', '3', '0', '1353237205321003010', '1354076936422318081');
INSERT INTO `mpoint` VALUES ('1354448617607274498', '196', '253', '-1', '1', '1353237205321003010', '1354448015682760705');
INSERT INTO `mpoint` VALUES ('1354448617955401729', '89', '318', '-2', '1', '1353566171617562626', '1354448018648133633');
INSERT INTO `mpoint` VALUES ('1354448618299334657', '128', '161', '0', '1', '1353565909800718337', '1354448008065904642');
INSERT INTO `mpoint` VALUES ('1354448618647461889', '178', '208', '2', '1', '1353566232539828225', '1354076931569508354');
INSERT INTO `mpoint` VALUES ('1354448618987200514', '141', '324', '-1', '0', '1353566171617562626', '1354076930688704514');
INSERT INTO `mpoint` VALUES ('1354448619331133441', '186', '244', '-3', '1', '1353565909800718337', '1354448016106385410');
INSERT INTO `mpoint` VALUES ('1354448619675066369', '156', '211', '3', '1', '1353237205321003010', '1354448565446909953');
INSERT INTO `mpoint` VALUES ('1354448620014804993', '166', '333', '-1', '1', '1353566171617562626', '1354448559931400194');
INSERT INTO `mpoint` VALUES ('1354448620354543617', '118', '158', '2', '0', '1353565909800718337', '1354448019906424834');
INSERT INTO `mpoint` VALUES ('1354448620698476546', '76', '242', '5', '1', '1353566007351840770', '1354448566478708738');
INSERT INTO `mpoint` VALUES ('1354448621046603777', '88', '112', '5', '0', '1353566007351840770', '1354448556819226625');
INSERT INTO `mpoint` VALUES ('1354448621394731009', '82', '352', '4', '1', '1353566171617562626', '1354076925387104258');
INSERT INTO `mpoint` VALUES ('1354448621738663938', '166', '216', '3', '0', '1353565909800718337', '1354448562003386370');
INSERT INTO `mpoint` VALUES ('1354448622086791169', '169', '407', '-2', '1', '1353566171617562626', '1354448012721582081');
INSERT INTO `mpoint` VALUES ('1354448622430724098', '77', '103', '4', '0', '1353566171617562626', '1354076924506300417');
INSERT INTO `mpoint` VALUES ('1354448622770462722', '85', '155', '2', '1', '1353566171617562626', '1354448012721582081');
INSERT INTO `mpoint` VALUES ('1354448623118589953', '130', '262', '1', '1', '1353566232539828225', '1354076930248302593');
INSERT INTO `mpoint` VALUES ('1354448623466717185', '75', '247', '5', '0', '1353565909800718337', '1354448562003386370');
INSERT INTO `mpoint` VALUES ('1354448623810650114', '80', '199', '3', '1', '1353237205321003010', '1354076923621302274');
INSERT INTO `mpoint` VALUES ('1354448624150388737', '134', '138', '3', '1', '1353566232539828225', '1354076928931291137');
INSERT INTO `mpoint` VALUES ('1354448624490127361', '146', '442', '1', '1', '1353237205321003010', '1354448009332584449');
INSERT INTO `mpoint` VALUES ('1354448624838254593', '7', '117', '1', '1', '1353566232539828225', '1354076933339504642');
INSERT INTO `mpoint` VALUES ('1354448625177993217', '46', '185', '3', '1', '1353237205321003010', '1354448554046791682');
INSERT INTO `mpoint` VALUES ('1354448625521926146', '57', '228', '5', '1', '1353566232539828225', '1354076931569508354');
INSERT INTO `mpoint` VALUES ('1354448625865859073', '170', '209', '5', '0', '1353237205321003010', '1354448013145206785');
INSERT INTO `mpoint` VALUES ('1354448626209792002', '69', '200', '0', '1', '1353566171617562626', '1354448010603458562');
INSERT INTO `mpoint` VALUES ('1354448626557919233', '198', '325', '0', '0', '1353566232539828225', '1354448005935198210');
INSERT INTO `mpoint` VALUES ('1354448626906046466', '168', '232', '4', '0', '1353566007351840770', '1354448565790842881');
INSERT INTO `mpoint` VALUES ('1354448627249979394', '30', '323', '1', '0', '1353237205321003010', '1354448013988261890');
INSERT INTO `mpoint` VALUES ('1354448627593912322', '54', '152', '-2', '0', '1353566171617562626', '1354448018648133633');
INSERT INTO `mpoint` VALUES ('1354448627937845249', '2', '263', '4', '0', '1353566007351840770', '1354448560279527425');
INSERT INTO `mpoint` VALUES ('1354448628281778177', '161', '249', '5', '0', '1353566007351840770', '1354076927601696770');
INSERT INTO `mpoint` VALUES ('1354448628625711106', '179', '242', '1', '1', '1353237205321003010', '1354076933784100865');
INSERT INTO `mpoint` VALUES ('1354448628961255426', '3', '26', '2', '0', '1353565909800718337', '1354448563035185154');
INSERT INTO `mpoint` VALUES ('1354448629313576962', '149', '322', '5', '1', '1353566007351840770', '1354076931129106433');
INSERT INTO `mpoint` VALUES ('1354448629653315586', '13', '263', '5', '0', '1353566232539828225', '1354448556127166466');
INSERT INTO `mpoint` VALUES ('1354448629997248513', '116', '289', '0', '0', '1353566007351840770', '1354076926267908097');
INSERT INTO `mpoint` VALUES ('1354448630341181442', '99', '203', '1', '1', '1353565909800718337', '1354448005507379202');
INSERT INTO `mpoint` VALUES ('1354448630693502977', '4', '232', '0', '1', '1353565909800718337', '1354448007646474242');
INSERT INTO `mpoint` VALUES ('1354448631037435906', '174', '376', '0', '1', '1353566171617562626', '1354448006358822913');
INSERT INTO `mpoint` VALUES ('1354448631385563138', '177', '193', '-1', '0', '1353565909800718337', '1354448004232310786');
INSERT INTO `mpoint` VALUES ('1354448631733690370', '84', '222', '-2', '0', '1353566232539828225', '1354448556127166466');
INSERT INTO `mpoint` VALUES ('1354448632077623298', '95', '135', '1', '0', '1353566007351840770', '1354448558199152641');
INSERT INTO `mpoint` VALUES ('1354448632417361921', '174', '188', '2', '1', '1353565909800718337', '1354076932899102721');
INSERT INTO `mpoint` VALUES ('1354448632765489154', '15', '160', '-2', '0', '1353566171617562626', '1354448559931400194');
INSERT INTO `mpoint` VALUES ('1354448633105227777', '79', '349', '-2', '1', '1353566232539828225', '1354076930248302593');
INSERT INTO `mpoint` VALUES ('1354448633453355009', '192', '426', '-1', '0', '1353237205321003010', '1354448560623460353');
INSERT INTO `mpoint` VALUES ('1354448633793093634', '166', '261', '-1', '1', '1353566171617562626', '1354448018220314626');
INSERT INTO `mpoint` VALUES ('1354448634137026561', '30', '187', '3', '1', '1353237205321003010', '1354448553006604289');
INSERT INTO `mpoint` VALUES ('1354448634480959490', '144', '397', '3', '0', '1353566232539828225', '1354076931569508354');
INSERT INTO `mpoint` VALUES ('1354448634820698113', '145', '214', '1', '1', '1353566171617562626', '1354448007214460930');
INSERT INTO `mpoint` VALUES ('1354448635168825345', '3', '256', '-3', '1', '1353566232539828225', '1354448556127166466');
INSERT INTO `mpoint` VALUES ('1354448635508563970', '165', '448', '5', '1', '1353566171617562626', '1354076935096918017');
INSERT INTO `mpoint` VALUES ('1354448635856691202', '2', '254', '1', '1', '1353565909800718337', '1354076923176706050');
INSERT INTO `mpoint` VALUES ('1354448636204818434', '1', '118', '-2', '0', '1353566171617562626', '1354448017792495618');
INSERT INTO `mpoint` VALUES ('1354448636544557057', '184', '253', '2', '1', '1353565909800718337', '1354076938192314370');
INSERT INTO `mpoint` VALUES ('1354448636892684290', '78', '292', '-2', '0', '1353237205321003010', '1354448562691252225');
INSERT INTO `mpoint` VALUES ('1354448637232422914', '53', '202', '1', '1', '1353237205321003010', '1354448553006604289');
INSERT INTO `mpoint` VALUES ('1354448637580550146', '142', '383', '5', '0', '1353237205321003010', '1354076920945336322');
INSERT INTO `mpoint` VALUES ('1354448637928677377', '74', '315', '1', '0', '1353566171617562626', '1354448017792495618');
INSERT INTO `mpoint` VALUES ('1354448638268416001', '191', '360', '-3', '1', '1353237205321003010', '1354448565446909953');
INSERT INTO `mpoint` VALUES ('1354448638616543233', '138', '176', '2', '1', '1353237205321003010', '1354448011450707970');
INSERT INTO `mpoint` VALUES ('1354448638956281857', '195', '428', '-2', '0', '1353237205321003010', '1354448553006604289');
INSERT INTO `mpoint` VALUES ('1354448639296020481', '46', '163', '-3', '1', '1353565909800718337', '1354076923176706050');
INSERT INTO `mpoint` VALUES ('1354448639639953409', '101', '255', '1', '0', '1353566232539828225', '1354076931569508354');
INSERT INTO `mpoint` VALUES ('1354448639988080642', '27', '77', '-1', '1', '1353566171617562626', '1354076934664904705');
INSERT INTO `mpoint` VALUES ('1354448640327819266', '154', '231', '-3', '0', '1353565909800718337', '1354448562343124993');
INSERT INTO `mpoint` VALUES ('1354448640667557889', '164', '429', '-3', '1', '1353565909800718337', '1354448020753674242');
INSERT INTO `mpoint` VALUES ('1354448641015685121', '97', '310', '-1', '1', '1353566232539828225', '1354448566138970114');
INSERT INTO `mpoint` VALUES ('1354448641359618049', '94', '333', '2', '0', '1353566232539828225', '1354448566138970114');
INSERT INTO `mpoint` VALUES ('1354448641703550977', '193', '358', '-2', '0', '1353565909800718337', '1354076938192314370');
INSERT INTO `mpoint` VALUES ('1354448642047483905', '93', '265', '1', '0', '1353237205321003010', '1354448011450707970');
INSERT INTO `mpoint` VALUES ('1354448642391416834', '174', '388', '-1', '1', '1353566171617562626', '1354448006358822913');
INSERT INTO `mpoint` VALUES ('1354448642735349761', '122', '385', '0', '0', '1353566232539828225', '1354448008489529345');
INSERT INTO `mpoint` VALUES ('1354448643079282690', '120', '292', '3', '1', '1353237205321003010', '1354448015682760705');
INSERT INTO `mpoint` VALUES ('1354448643423215618', '23', '267', '2', '0', '1353566232539828225', '1354076932450312193');
INSERT INTO `mpoint` VALUES ('1354448643762954242', '192', '478', '1', '1', '1353237205321003010', '1354448008913154050');
INSERT INTO `mpoint` VALUES ('1354448644102692866', '160', '410', '4', '1', '1353566171617562626', '1354448018648133633');
INSERT INTO `mpoint` VALUES ('1354448644450820097', '15', '109', '1', '0', '1353566007351840770', '1354076927601696770');
INSERT INTO `mpoint` VALUES ('1354448644798947330', '46', '282', '1', '1', '1353237205321003010', '1354448561311326210');
INSERT INTO `mpoint` VALUES ('1354448645138685954', '61', '160', '2', '1', '1353566171617562626', '1354448559583272961');
INSERT INTO `mpoint` VALUES ('1354448645486813186', '74', '120', '-2', '0', '1353237205321003010', '1354448563723051009');
INSERT INTO `mpoint` VALUES ('1354448645826551809', '19', '234', '5', '0', '1353565909800718337', '1354448555783233538');
INSERT INTO `mpoint` VALUES ('1354448646166290434', '123', '280', '0', '1', '1353566232539828225', '1354076937743523841');
INSERT INTO `mpoint` VALUES ('1354448646514417666', '198', '406', '3', '0', '1353566232539828225', '1354448008489529345');
INSERT INTO `mpoint` VALUES ('1354448646854156289', '70', '230', '3', '0', '1353565909800718337', '1354076922283319298');
INSERT INTO `mpoint` VALUES ('1354448647206477826', '192', '358', '1', '1', '1353565909800718337', '1354448008065904642');
INSERT INTO `mpoint` VALUES ('1354448647542022146', '136', '427', '-2', '1', '1353565909800718337', '1354448564071178242');
INSERT INTO `mpoint` VALUES ('1354448647890149378', '117', '180', '-2', '0', '1353565909800718337', '1354076923176706050');
INSERT INTO `mpoint` VALUES ('1354448648234082305', '106', '207', '4', '0', '1353566232539828225', '1354448553698664450');
INSERT INTO `mpoint` VALUES ('1354448648578015234', '103', '142', '4', '0', '1353237205321003010', '1354448554046791682');
INSERT INTO `mpoint` VALUES ('1354448648921948162', '96', '165', '-2', '0', '1353566232539828225', '1354448008489529345');
INSERT INTO `mpoint` VALUES ('1354448649261686785', '86', '158', '2', '0', '1353566171617562626', '1354448006358822913');
INSERT INTO `mpoint` VALUES ('1354448649609814017', '55', '258', '4', '1', '1353237205321003010', '1354076933784100865');
INSERT INTO `mpoint` VALUES ('1354448649949552642', '49', '255', '1', '0', '1353566171617562626', '1354448010603458562');
INSERT INTO `mpoint` VALUES ('1354448650301874178', '66', '363', '3', '1', '1353566007351840770', '1354448563379118082');
INSERT INTO `mpoint` VALUES ('1354448650637418497', '129', '333', '-3', '0', '1353237205321003010', '1354448562691252225');
INSERT INTO `mpoint` VALUES ('1354448650981351425', '24', '309', '4', '1', '1353566171617562626', '1354076921842917378');
INSERT INTO `mpoint` VALUES ('1354448651333672961', '144', '309', '0', '1', '1353566171617562626', '1354076934664904705');
INSERT INTO `mpoint` VALUES ('1354448651669217281', '198', '428', '0', '1', '1353566171617562626', '1354448559583272961');
INSERT INTO `mpoint` VALUES ('1354448652013150210', '62', '265', '4', '0', '1353237205321003010', '1354448560623460353');
INSERT INTO `mpoint` VALUES ('1354448652357083138', '171', '342', '4', '1', '1353237205321003010', '1354448020330049538');
INSERT INTO `mpoint` VALUES ('1354448652705210370', '187', '226', '1', '1', '1353565909800718337', '1354448556475293697');
INSERT INTO `mpoint` VALUES ('1354448653044948993', '21', '50', '2', '1', '1353566171617562626', '1354448007214460930');
INSERT INTO `mpoint` VALUES ('1354448653388881921', '150', '200', '-2', '1', '1353565909800718337', '1354448562003386370');
INSERT INTO `mpoint` VALUES ('1354448653732814850', '126', '151', '1', '0', '1353566007351840770', '1354076926267908097');
INSERT INTO `mpoint` VALUES ('1354448654076747777', '177', '209', '3', '0', '1353566232539828225', '1354076937303121922');
INSERT INTO `mpoint` VALUES ('1354448654424875010', '27', '37', '4', '0', '1353566007351840770', '1354076931129106433');
INSERT INTO `mpoint` VALUES ('1354448654760419329', '55', '165', '-3', '1', '1353566007351840770', '1354448017377259521');
INSERT INTO `mpoint` VALUES ('1354448655108546561', '34', '150', '0', '0', '1353566007351840770', '1354448019486994433');
INSERT INTO `mpoint` VALUES ('1354448655452479489', '123', '258', '2', '0', '1353237205321003010', '1354448008913154050');
INSERT INTO `mpoint` VALUES ('1354448655792218113', '86', '302', '4', '0', '1353566232539828225', '1354076935981916162');
INSERT INTO `mpoint` VALUES ('1354448656140345346', '118', '370', '2', '1', '1353565909800718337', '1354448007646474242');
INSERT INTO `mpoint` VALUES ('1354448656480083969', '34', '86', '0', '0', '1353566007351840770', '1354448013568831489');
INSERT INTO `mpoint` VALUES ('1354448656828211201', '61', '270', '3', '0', '1353237205321003010', '1354448013988261890');
INSERT INTO `mpoint` VALUES ('1354448657172144130', '71', '208', '3', '1', '1353566007351840770', '1354448559239340034');
INSERT INTO `mpoint` VALUES ('1354448657516077057', '69', '93', '2', '0', '1353566171617562626', '1354448558551474178');
INSERT INTO `mpoint` VALUES ('1354448657855815682', '91', '300', '2', '0', '1353565909800718337', '1354448016106385410');
INSERT INTO `mpoint` VALUES ('1354448658195554306', '68', '348', '4', '1', '1353566232539828225', '1354076930248302593');
INSERT INTO `mpoint` VALUES ('1354448658547875841', '183', '282', '1', '0', '1353566007351840770', '1354448012293763074');
INSERT INTO `mpoint` VALUES ('1354448658883420161', '70', '365', '2', '0', '1353566171617562626', '1354448560967393282');
INSERT INTO `mpoint` VALUES ('1354448659223158786', '180', '382', '-2', '0', '1353566171617562626', '1354076936858525697');
INSERT INTO `mpoint` VALUES ('1354448659567091714', '96', '185', '1', '1', '1353566232539828225', '1354448016530010113');
INSERT INTO `mpoint` VALUES ('1354448659915218945', '194', '371', '0', '1', '1353566232539828225', '1354076932450312193');
INSERT INTO `mpoint` VALUES ('1354448660254957570', '197', '230', '5', '0', '1353566007351840770', '1354076926267908097');
INSERT INTO `mpoint` VALUES ('1354448660598890497', '94', '275', '-1', '0', '1353565909800718337', '1354076929812094978');
INSERT INTO `mpoint` VALUES ('1354448660947017729', '27', '281', '5', '1', '1353566171617562626', '1354076935541514241');
INSERT INTO `mpoint` VALUES ('1354448661290950658', '14', '122', '4', '1', '1353565909800718337', '1354448004232310786');
INSERT INTO `mpoint` VALUES ('1354448661630689281', '72', '300', '2', '0', '1353566232539828225', '1354448004660129794');
INSERT INTO `mpoint` VALUES ('1354448661974622210', '107', '297', '5', '1', '1353566007351840770', '1354448554743046145');
INSERT INTO `mpoint` VALUES ('1354448662318555138', '6', '204', '1', '1', '1353565909800718337', '1354448015263330305');
INSERT INTO `mpoint` VALUES ('1354448662662488065', '155', '358', '1', '0', '1353237205321003010', '1354448020330049538');
INSERT INTO `mpoint` VALUES ('1354448663010615297', '73', '200', '-3', '0', '1353566007351840770', '1354448556819226625');
INSERT INTO `mpoint` VALUES ('1354448663354548226', '194', '371', '1', '1', '1353566232539828225', '1354076921394126850');
INSERT INTO `mpoint` VALUES ('1354448663698481154', '73', '109', '-1', '1', '1353566171617562626', '1354448010603458562');
INSERT INTO `mpoint` VALUES ('1354448664034025473', '12', '289', '3', '0', '1353566171617562626', '1354448560967393282');
INSERT INTO `mpoint` VALUES ('1354448664377958402', '112', '124', '1', '0', '1353565909800718337', '1354448564071178242');
INSERT INTO `mpoint` VALUES ('1354448664721891329', '7', '143', '-3', '1', '1353565909800718337', '1354448010184028162');
INSERT INTO `mpoint` VALUES ('1354448665070018562', '162', '411', '0', '1', '1353566171617562626', '1354448007214460930');
INSERT INTO `mpoint` VALUES ('1354448665409757185', '162', '356', '1', '0', '1353565909800718337', '1354448015263330305');
INSERT INTO `mpoint` VALUES ('1354448665753690113', '52', '324', '4', '1', '1353566007351840770', '1354448014411886593');
INSERT INTO `mpoint` VALUES ('1354448666097623042', '86', '228', '1', '1', '1353237205321003010', '1354076928486694913');
INSERT INTO `mpoint` VALUES ('1354448666441555970', '179', '439', '2', '0', '1353566171617562626', '1354448559583272961');
INSERT INTO `mpoint` VALUES ('1354448666785488897', '94', '289', '3', '0', '1353566007351840770', '1354448565790842881');
INSERT INTO `mpoint` VALUES ('1354448667125227521', '43', '210', '-3', '0', '1353566232539828225', '1354076937303121922');
INSERT INTO `mpoint` VALUES ('1354448667464966146', '32', '220', '5', '1', '1353566171617562626', '1354448012721582081');
INSERT INTO `mpoint` VALUES ('1354448667808899073', '104', '343', '-3', '0', '1353237205321003010', '1354448557511286786');
INSERT INTO `mpoint` VALUES ('1354448668161220609', '95', '174', '5', '1', '1353565909800718337', '1354448005507379202');
INSERT INTO `mpoint` VALUES ('1354448668505153538', '92', '221', '2', '1', '1353566171617562626', '1354076936858525697');
INSERT INTO `mpoint` VALUES ('1354448668849086466', '82', '93', '5', '1', '1353566171617562626', '1354076921842917378');
INSERT INTO `mpoint` VALUES ('1354448669188825089', '117', '270', '4', '1', '1353566171617562626', '1354448557163159554');
INSERT INTO `mpoint` VALUES ('1354448669536952321', '14', '209', '-1', '1', '1353565909800718337', '1354448564071178242');
INSERT INTO `mpoint` VALUES ('1354448669876690945', '66', '186', '1', '1', '1353566007351840770', '1354448564754849794');
INSERT INTO `mpoint` VALUES ('1354448670220623874', '108', '183', '-1', '1', '1353566171617562626', '1354448006786641921');
INSERT INTO `mpoint` VALUES ('1354448670564556802', '34', '261', '3', '1', '1353566007351840770', '1354448555435106305');
INSERT INTO `mpoint` VALUES ('1354448670912684034', '136', '307', '1', '1', '1353566232539828225', '1354448004660129794');
INSERT INTO `mpoint` VALUES ('1354448671248228354', '10', '198', '0', '0', '1353566007351840770', '1354076928050487298');
INSERT INTO `mpoint` VALUES ('1354448671596355586', '14', '182', '5', '0', '1353237205321003010', '1354448561311326210');
INSERT INTO `mpoint` VALUES ('1354448671940288513', '1', '216', '-3', '1', '1353237205321003010', '1354448020330049538');
INSERT INTO `mpoint` VALUES ('1354448672284221441', '18', '213', '5', '0', '1353237205321003010', '1354448557511286786');
INSERT INTO `mpoint` VALUES ('1354448672623960065', '138', '435', '2', '0', '1353565909800718337', '1354448555783233538');
INSERT INTO `mpoint` VALUES ('1354448672963698689', '92', '376', '5', '0', '1353566007351840770', '1354448011031277569');
INSERT INTO `mpoint` VALUES ('1354448673311825921', '117', '331', '1', '0', '1353566171617562626', '1354076936858525697');
INSERT INTO `mpoint` VALUES ('1354448673651564545', '173', '301', '-2', '0', '1353566007351840770', '1354448555435106305');
INSERT INTO `mpoint` VALUES ('1354448673995497473', '114', '123', '1', '1', '1353566007351840770', '1354448013568831489');
INSERT INTO `mpoint` VALUES ('1354448674339430402', '98', '141', '4', '1', '1353237205321003010', '1354076924946702338');
INSERT INTO `mpoint` VALUES ('1354448674691751938', '140', '162', '5', '0', '1353566171617562626', '1354448017792495618');
INSERT INTO `mpoint` VALUES ('1354448675035684865', '114', '218', '-2', '0', '1353566171617562626', '1354448014835511298');
INSERT INTO `mpoint` VALUES ('1354448675375423489', '70', '127', '-2', '1', '1353566171617562626', '1354076924506300417');
INSERT INTO `mpoint` VALUES ('1354448675719356418', '182', '190', '-1', '1', '1353237205321003010', '1354076920945336322');
INSERT INTO `mpoint` VALUES ('1354448676063289346', '93', '194', '-3', '0', '1353237205321003010', '1354076920945336322');
INSERT INTO `mpoint` VALUES ('1354448676407222274', '6', '228', '4', '0', '1353566007351840770', '1354448012293763074');
INSERT INTO `mpoint` VALUES ('1354448676746960898', '9', '9', '1', '0', '1353566007351840770', '1354076927601696770');
INSERT INTO `mpoint` VALUES ('1354448677095088130', '155', '245', '5', '1', '1353237205321003010', '1354448015682760705');
INSERT INTO `mpoint` VALUES ('1354448677434826754', '161', '193', '-3', '0', '1353566232539828225', '1354076930248302593');
INSERT INTO `mpoint` VALUES ('1354448677774565378', '118', '391', '4', '1', '1353565909800718337', '1354076932899102721');
INSERT INTO `mpoint` VALUES ('1354448678114304002', '97', '381', '1', '1', '1353566171617562626', '1354076936858525697');
INSERT INTO `mpoint` VALUES ('1354448678462431234', '3', '67', '3', '0', '1353237205321003010', '1354448009332584449');
INSERT INTO `mpoint` VALUES ('1354448678802169858', '67', '321', '3', '0', '1353566007351840770', '1354448012293763074');
INSERT INTO `mpoint` VALUES ('1354448679150297089', '186', '423', '1', '0', '1353565909800718337', '1354076932899102721');
INSERT INTO `mpoint` VALUES ('1354448679494230017', '120', '268', '-2', '0', '1353237205321003010', '1354448557511286786');
INSERT INTO `mpoint` VALUES ('1354448679833968642', '19', '85', '0', '1', '1353565909800718337', '1354076929812094978');
INSERT INTO `mpoint` VALUES ('1354448680177901569', '10', '221', '1', '1', '1353565909800718337', '1354448010184028162');
INSERT INTO `mpoint` VALUES ('1354448680521834498', '148', '270', '0', '1', '1353237205321003010', '1354448013988261890');
INSERT INTO `mpoint` VALUES ('1354448680865767425', '80', '355', '3', '1', '1353566007351840770', '1354448013568831489');
INSERT INTO `mpoint` VALUES ('1354448681209700354', '162', '452', '-1', '0', '1353565909800718337', '1354448007646474242');
INSERT INTO `mpoint` VALUES ('1354448681553633282', '5', '299', '1', '1', '1353566171617562626', '1354448010603458562');
INSERT INTO `mpoint` VALUES ('1354448681893371905', '65', '361', '-1', '0', '1353566232539828225', '1354076930248302593');
INSERT INTO `mpoint` VALUES ('1354448682241499137', '189', '313', '5', '0', '1353566171617562626', '1354076935541514241');
INSERT INTO `mpoint` VALUES ('1354448682585432065', '193', '325', '-3', '0', '1353565909800718337', '1354448564071178242');
INSERT INTO `mpoint` VALUES ('1354448682925170689', '189', '465', '5', '0', '1353566007351840770', '1354448013568831489');
INSERT INTO `mpoint` VALUES ('1354448683264909314', '77', '337', '-3', '0', '1353566171617562626', '1354448559931400194');
INSERT INTO `mpoint` VALUES ('1354448683613036545', '70', '107', '1', '0', '1353566007351840770', '1354448017377259521');
INSERT INTO `mpoint` VALUES ('1354448683956969474', '114', '386', '4', '1', '1353565909800718337', '1354076932899102721');
INSERT INTO `mpoint` VALUES ('1354448684296708098', '197', '304', '2', '0', '1353237205321003010', '1354448009764597761');
INSERT INTO `mpoint` VALUES ('1354448684640641025', '186', '273', '0', '0', '1353566007351840770', '1354448554743046145');
INSERT INTO `mpoint` VALUES ('1354448684980379649', '194', '444', '2', '1', '1353566232539828225', '1354076937303121922');
INSERT INTO `mpoint` VALUES ('1354448685320118273', '83', '110', '4', '0', '1353565909800718337', '1354076923176706050');
INSERT INTO `mpoint` VALUES ('1354448685668245506', '36', '44', '2', '0', '1353566232539828225', '1354076933339504642');
INSERT INTO `mpoint` VALUES ('1354448686016372738', '72', '271', '0', '0', '1353565909800718337', '1354448555086979073');
INSERT INTO `mpoint` VALUES ('1354448686356111361', '77', '260', '0', '1', '1353565909800718337', '1354448008065904642');
INSERT INTO `mpoint` VALUES ('1354448686704238593', '107', '293', '0', '0', '1353566232539828225', '1354448008489529345');
INSERT INTO `mpoint` VALUES ('1354448687048171522', '143', '393', '0', '0', '1353566171617562626', '1354076935096918017');
INSERT INTO `mpoint` VALUES ('1354448687392104449', '61', '358', '2', '0', '1353566171617562626', '1354448018648133633');
INSERT INTO `mpoint` VALUES ('1354448687744425986', '99', '189', '0', '0', '1353566232539828225', '1354448553698664450');
INSERT INTO `mpoint` VALUES ('1354448688084164609', '106', '281', '3', '1', '1353566232539828225', '1354076921394126850');
INSERT INTO `mpoint` VALUES ('1354448688432291842', '58', '103', '3', '1', '1353565909800718337', '1354076932899102721');
INSERT INTO `mpoint` VALUES ('1354448688772030466', '21', '59', '5', '0', '1353566007351840770', '1354448565098782721');
INSERT INTO `mpoint` VALUES ('1354448689120157698', '107', '290', '-2', '0', '1353566171617562626', '1354448012721582081');
INSERT INTO `mpoint` VALUES ('1354448689464090626', '172', '306', '-2', '0', '1353237205321003010', '1354448015682760705');
INSERT INTO `mpoint` VALUES ('1354448689803829249', '111', '280', '-2', '0', '1353565909800718337', '1354448007646474242');
INSERT INTO `mpoint` VALUES ('1354448690151956481', '145', '379', '-1', '0', '1353566171617562626', '1354448014835511298');
INSERT INTO `mpoint` VALUES ('1354448690491695105', '156', '358', '3', '0', '1353566171617562626', '1354448018648133633');
INSERT INTO `mpoint` VALUES ('1354448690839822338', '118', '352', '5', '1', '1353566171617562626', '1354448018648133633');
INSERT INTO `mpoint` VALUES ('1354448691179560962', '20', '253', '2', '1', '1353566171617562626', '1354448557163159554');
INSERT INTO `mpoint` VALUES ('1354448691523493890', '82', '157', '-3', '1', '1353566171617562626', '1354448018220314626');
INSERT INTO `mpoint` VALUES ('1354448691867426818', '25', '58', '1', '0', '1353566232539828225', '1354076925831700482');
INSERT INTO `mpoint` VALUES ('1354448692202971137', '13', '63', '-3', '0', '1353566007351840770', '1354448559239340034');
INSERT INTO `mpoint` VALUES ('1354448692551098369', '96', '277', '0', '1', '1353566171617562626', '1354076930688704514');
INSERT INTO `mpoint` VALUES ('1354448692895031298', '157', '250', '3', '1', '1353566007351840770', '1354448566478708738');
INSERT INTO `mpoint` VALUES ('1354448693238964225', '183', '439', '1', '0', '1353566171617562626', '1354448010603458562');
INSERT INTO `mpoint` VALUES ('1354448693582897153', '109', '291', '-3', '1', '1353566171617562626', '1354076936858525697');
INSERT INTO `mpoint` VALUES ('1354448693926830081', '141', '434', '-2', '1', '1353566232539828225', '1354448556127166466');
INSERT INTO `mpoint` VALUES ('1354448694274957314', '112', '145', '3', '1', '1353566007351840770', '1354448554743046145');
INSERT INTO `mpoint` VALUES ('1354448694618890242', '28', '148', '1', '0', '1353566171617562626', '1354448558551474178');
INSERT INTO `mpoint` VALUES ('1354448694958628865', '118', '414', '5', '1', '1353566171617562626', '1354448006786641921');
INSERT INTO `mpoint` VALUES ('1354448695302561794', '30', '269', '-3', '0', '1353566171617562626', '1354448006786641921');
INSERT INTO `mpoint` VALUES ('1354448695646494722', '74', '203', '0', '1', '1353566171617562626', '1354076925387104258');
INSERT INTO `mpoint` VALUES ('1354448695982039041', '105', '113', '0', '1', '1353566232539828225', '1354448556127166466');
INSERT INTO `mpoint` VALUES ('1354448696330166273', '135', '170', '-3', '1', '1353565909800718337', '1354076923176706050');
INSERT INTO `mpoint` VALUES ('1354448696674099202', '32', '190', '-3', '1', '1353237205321003010', '1354448015682760705');
INSERT INTO `mpoint` VALUES ('1354448697013837826', '142', '350', '1', '1', '1353566171617562626', '1354448012721582081');
INSERT INTO `mpoint` VALUES ('1354448697357770754', '192', '452', '1', '0', '1353566232539828225', '1354448553698664450');
INSERT INTO `mpoint` VALUES ('1354448697697509378', '69', '73', '5', '1', '1353566171617562626', '1354448012721582081');
INSERT INTO `mpoint` VALUES ('1354448698041442305', '123', '329', '3', '0', '1353566171617562626', '1354448010603458562');
INSERT INTO `mpoint` VALUES ('1354448698389569538', '167', '354', '5', '1', '1353237205321003010', '1354076920945336322');
INSERT INTO `mpoint` VALUES ('1354448698725113858', '21', '199', '-2', '0', '1353565909800718337', '1354448562343124993');
INSERT INTO `mpoint` VALUES ('1354448699069046786', '19', '108', '4', '1', '1353237205321003010', '1354448008913154050');
INSERT INTO `mpoint` VALUES ('1354448699417174017', '121', '295', '1', '0', '1353566232539828225', '1354076925831700482');
INSERT INTO `mpoint` VALUES ('1354448699756912641', '3', '193', '-1', '0', '1353565909800718337', '1354076923176706050');
INSERT INTO `mpoint` VALUES ('1354448700105039874', '199', '339', '-3', '1', '1353237205321003010', '1354448557511286786');
INSERT INTO `mpoint` VALUES ('1354448700448972802', '99', '132', '1', '0', '1353566232539828225', '1354448008489529345');
INSERT INTO `mpoint` VALUES ('1354448700792905729', '132', '287', '2', '0', '1353237205321003010', '1354448009332584449');
INSERT INTO `mpoint` VALUES ('1354448701132644353', '123', '260', '0', '0', '1353237205321003010', '1354448009764597761');
INSERT INTO `mpoint` VALUES ('1354448701480771586', '14', '28', '1', '0', '1353565909800718337', '1354448563035185154');
INSERT INTO `mpoint` VALUES ('1354448701820510210', '90', '101', '-3', '0', '1353566171617562626', '1354448557163159554');
INSERT INTO `mpoint` VALUES ('1354448702164443137', '83', '194', '0', '0', '1353566171617562626', '1354448012721582081');
INSERT INTO `mpoint` VALUES ('1354448702504181762', '24', '53', '0', '0', '1353237205321003010', '1354448562691252225');
INSERT INTO `mpoint` VALUES ('1354448702852308993', '21', '210', '-1', '1', '1353566232539828225', '1354448553698664450');
INSERT INTO `mpoint` VALUES ('1354448703192047618', '174', '322', '2', '1', '1353565909800718337', '1354448563035185154');
INSERT INTO `mpoint` VALUES ('1354448703535980545', '36', '75', '-3', '1', '1353566232539828225', '1354076930248302593');
INSERT INTO `mpoint` VALUES ('1354448703875719170', '110', '131', '1', '1', '1353566007351840770', '1354448014411886593');
INSERT INTO `mpoint` VALUES ('1354448704219652098', '120', '393', '1', '1', '1353565909800718337', '1354448015263330305');
INSERT INTO `mpoint` VALUES ('1354448704567779329', '18', '210', '5', '0', '1353566232539828225', '1354076933339504642');
INSERT INTO `mpoint` VALUES ('1354449305292820481', '2', '272', '0', '1', '1353237205321003010', '1354448553006604289');
INSERT INTO `mpoint` VALUES ('1354449305682890754', '20', '155', '-2', '1', '1353565909800718337', '1354448007646474242');
INSERT INTO `mpoint` VALUES ('1354449306072961026', '155', '194', '-2', '1', '1353565909800718337', '1354449303594127362');
INSERT INTO `mpoint` VALUES ('1354449306458836994', '37', '319', '4', '0', '1353565909800718337', '1354448563035185154');
INSERT INTO `mpoint` VALUES ('1354449306840518658', '96', '152', '-3', '1', '1353565909800718337', '1354448015263330305');
INSERT INTO `mpoint` VALUES ('1354449307243171842', '119', '294', '4', '0', '1353237205321003010', '1354449297814376450');
INSERT INTO `mpoint` VALUES ('1354449307641630721', '37', '150', '5', '0', '1353237205321003010', '1354448009332584449');
INSERT INTO `mpoint` VALUES ('1354449308035895297', '7', '95', '0', '0', '1353237205321003010', '1354076932014104577');
INSERT INTO `mpoint` VALUES ('1354449308421771265', '125', '354', '-2', '0', '1353565909800718337', '1354448564071178242');
INSERT INTO `mpoint` VALUES ('1354449308807647233', '149', '307', '3', '0', '1353566232539828225', '1354076921394126850');
INSERT INTO `mpoint` VALUES ('1354449309201911809', '6', '175', '4', '1', '1353565909800718337', '1354448562003386370');
INSERT INTO `mpoint` VALUES ('1354449309591982082', '139', '205', '-2', '1', '1353566171617562626', '1354449289304133634');
INSERT INTO `mpoint` VALUES ('1354449309973663746', '176', '185', '-3', '0', '1353565909800718337', '1354448005507379202');
INSERT INTO `mpoint` VALUES ('1354449310367928321', '111', '395', '3', '0', '1353566171617562626', '1354449296275066882');
INSERT INTO `mpoint` VALUES ('1354449310757998593', '97', '388', '3', '0', '1353566232539828225', '1354449303216640002');
INSERT INTO `mpoint` VALUES ('1354449311152263169', '81', '269', '-1', '0', '1353566232539828225', '1354448005935198210');
INSERT INTO `mpoint` VALUES ('1354449311538139137', '89', '151', '-3', '0', '1353237205321003010', '1354449295499120642');
INSERT INTO `mpoint` VALUES ('1354449311928209409', '195', '403', '1', '1', '1353565909800718337', '1354076932899102721');
INSERT INTO `mpoint` VALUES ('1354449312314085377', '101', '131', '4', '0', '1353566171617562626', '1354448016949440513');
INSERT INTO `mpoint` VALUES ('1354449312712544258', '196', '326', '1', '0', '1353237205321003010', '1354076924946702338');
INSERT INTO `mpoint` VALUES ('1354449313094225921', '178', '272', '1', '0', '1353237205321003010', '1354076933784100865');
INSERT INTO `mpoint` VALUES ('1354449313480101889', '199', '405', '-1', '1', '1353565909800718337', '1354449290084274178');
INSERT INTO `mpoint` VALUES ('1354449313865977858', '0', '235', '-1', '1', '1353237205321003010', '1354449295499120642');
INSERT INTO `mpoint` VALUES ('1354449314251853825', '46', '295', '-3', '1', '1353565909800718337', '1354076929812094978');
INSERT INTO `mpoint` VALUES ('1354449314637729793', '120', '408', '5', '1', '1353237205321003010', '1354448558895407106');
INSERT INTO `mpoint` VALUES ('1354449315023605762', '109', '401', '2', '1', '1353566171617562626', '1354449290856026114');
INSERT INTO `mpoint` VALUES ('1354449315401093121', '132', '292', '-2', '0', '1353237205321003010', '1354076936422318081');
INSERT INTO `mpoint` VALUES ('1354449315791163393', '69', '284', '1', '1', '1353565909800718337', '1354449294341492738');
INSERT INTO `mpoint` VALUES ('1354449316177039361', '66', '358', '0', '1', '1353566007351840770', '1354076928050487298');
INSERT INTO `mpoint` VALUES ('1354449316571303938', '120', '406', '0', '0', '1353566232539828225', '1354076925831700482');
INSERT INTO `mpoint` VALUES ('1354449316940402689', '52', '231', '5', '0', '1353566007351840770', '1354448011874332674');
INSERT INTO `mpoint` VALUES ('1354449317347250178', '27', '250', '-1', '0', '1353566007351840770', '1354449294731563010');
INSERT INTO `mpoint` VALUES ('1354449317741514753', '7', '178', '-3', '0', '1353565909800718337', '1354076923176706050');
INSERT INTO `mpoint` VALUES ('1354449318127390721', '36', '335', '0', '1', '1353566232539828225', '1354076921394126850');
INSERT INTO `mpoint` VALUES ('1354449318517460993', '174', '394', '1', '0', '1353566232539828225', '1354076928931291137');
INSERT INTO `mpoint` VALUES ('1354449318907531266', '72', '275', '1', '0', '1353566007351840770', '1354448564754849794');
INSERT INTO `mpoint` VALUES ('1354449319297601537', '35', '280', '4', '0', '1353565909800718337', '1354449292022042626');
INSERT INTO `mpoint` VALUES ('1354449319679283201', '80', '183', '4', '0', '1353565909800718337', '1354448005507379202');
INSERT INTO `mpoint` VALUES ('1354449320060964865', '113', '365', '-1', '0', '1353237205321003010', '1354076929371693058');
INSERT INTO `mpoint` VALUES ('1354449320455229442', '73', '285', '4', '1', '1353566171617562626', '1354448010603458562');
INSERT INTO `mpoint` VALUES ('1354449320836911105', '145', '417', '-2', '1', '1353566007351840770', '1354449291631972353');
INSERT INTO `mpoint` VALUES ('1354449321226981377', '110', '117', '1', '0', '1353566171617562626', '1354076924506300417');
INSERT INTO `mpoint` VALUES ('1354449321608663041', '47', '172', '3', '1', '1353566232539828225', '1354076937303121922');
INSERT INTO `mpoint` VALUES ('1354449322002927618', '196', '298', '-1', '0', '1353237205321003010', '1354449300507119617');
INSERT INTO `mpoint` VALUES ('1354449322388803585', '168', '198', '2', '0', '1353237205321003010', '1354448015682760705');
INSERT INTO `mpoint` VALUES ('1354449322774679553', '168', '288', '-1', '0', '1353566171617562626', '1354448017792495618');
INSERT INTO `mpoint` VALUES ('1354449323156361217', '11', '198', '-1', '1', '1353237205321003010', '1354448565446909953');
INSERT INTO `mpoint` VALUES ('1354449323546431490', '152', '386', '2', '0', '1353237205321003010', '1354448557511286786');
INSERT INTO `mpoint` VALUES ('1354449323940696065', '121', '301', '2', '0', '1353565909800718337', '1354076929812094978');
INSERT INTO `mpoint` VALUES ('1354449324326572034', '43', '43', '0', '1', '1353237205321003010', '1354448563723051009');
INSERT INTO `mpoint` VALUES ('1354449324708253698', '35', '74', '1', '0', '1353565909800718337', '1354448019906424834');
INSERT INTO `mpoint` VALUES ('1354449325094129666', '151', '406', '1', '1', '1353566007351840770', '1354448565098782721');
INSERT INTO `mpoint` VALUES ('1354449325484199938', '94', '288', '0', '1', '1353565909800718337', '1354448010184028162');
INSERT INTO `mpoint` VALUES ('1354449325870075905', '79', '279', '4', '1', '1353237205321003010', '1354448563723051009');
INSERT INTO `mpoint` VALUES ('1354449326255951874', '5', '92', '5', '0', '1353566171617562626', '1354076934664904705');
INSERT INTO `mpoint` VALUES ('1354449326637633537', '110', '277', '4', '1', '1353566007351840770', '1354076926712504322');
INSERT INTO `mpoint` VALUES ('1354449327027703810', '67', '203', '1', '0', '1353566007351840770', '1354448564754849794');
INSERT INTO `mpoint` VALUES ('1354449327409385473', '171', '253', '3', '1', '1353566232539828225', '1354448008489529345');
INSERT INTO `mpoint` VALUES ('1354449327799455745', '180', '216', '3', '1', '1353237205321003010', '1354449290465955842');
INSERT INTO `mpoint` VALUES ('1354449328181137410', '66', '173', '3', '0', '1353237205321003010', '1354448554046791682');
INSERT INTO `mpoint` VALUES ('1354449328571207681', '159', '315', '0', '1', '1353237205321003010', '1354076928486694913');
INSERT INTO `mpoint` VALUES ('1354449328957083650', '100', '325', '5', '1', '1353566171617562626', '1354448006786641921');
INSERT INTO `mpoint` VALUES ('1354449329342959618', '10', '75', '3', '0', '1353237205321003010', '1354448009764597761');
INSERT INTO `mpoint` VALUES ('1354449329724641282', '91', '249', '3', '0', '1353565909800718337', '1354449303594127362');
INSERT INTO `mpoint` VALUES ('1354449330110517249', '171', '174', '3', '0', '1353566171617562626', '1354448558551474178');
INSERT INTO `mpoint` VALUES ('1354449330492198914', '101', '193', '3', '1', '1353566171617562626', '1354448007214460930');
INSERT INTO `mpoint` VALUES ('1354449330878074882', '110', '284', '4', '0', '1353566007351840770', '1354448559239340034');
INSERT INTO `mpoint` VALUES ('1354449331268145153', '19', '158', '3', '1', '1353237205321003010', '1354449289690009602');
INSERT INTO `mpoint` VALUES ('1354449331649826818', '184', '224', '5', '1', '1353566007351840770', '1354449297428500482');
INSERT INTO `mpoint` VALUES ('1354449332035702786', '135', '146', '0', '1', '1353565909800718337', '1354448553354731521');
INSERT INTO `mpoint` VALUES ('1354449332417384450', '55', '177', '1', '1', '1353237205321003010', '1354076932014104577');
INSERT INTO `mpoint` VALUES ('1354449332799066113', '127', '391', '3', '0', '1353237205321003010', '1354076936422318081');
INSERT INTO `mpoint` VALUES ('1354449333180747778', '179', '340', '-1', '1', '1353566171617562626', '1354448018220314626');
INSERT INTO `mpoint` VALUES ('1354449333566623745', '121', '374', '1', '0', '1353565909800718337', '1354448016106385410');
INSERT INTO `mpoint` VALUES ('1354449333956694018', '141', '310', '1', '0', '1353566232539828225', '1354448553698664450');
INSERT INTO `mpoint` VALUES ('1354449334342569986', '92', '114', '5', '1', '1353237205321003010', '1354448019067564033');
INSERT INTO `mpoint` VALUES ('1354449334720057345', '91', '353', '-2', '1', '1353566232539828225', '1354449293955616770');
INSERT INTO `mpoint` VALUES ('1354449335110127617', '47', '308', '1', '0', '1353565909800718337', '1354076938192314370');
INSERT INTO `mpoint` VALUES ('1354449335487614978', '110', '386', '4', '1', '1353565909800718337', '1354448005507379202');
INSERT INTO `mpoint` VALUES ('1354449335877685250', '169', '204', '0', '1', '1353237205321003010', '1354448554046791682');
INSERT INTO `mpoint` VALUES ('1354449336259366913', '32', '320', '-1', '0', '1353566232539828225', '1354076930248302593');
INSERT INTO `mpoint` VALUES ('1354449336641048577', '78', '124', '-2', '1', '1353237205321003010', '1354449297814376450');
INSERT INTO `mpoint` VALUES ('1354449337026924546', '45', '138', '4', '0', '1353566007351840770', '1354448013568831489');
INSERT INTO `mpoint` VALUES ('1354449337416994818', '50', '305', '-2', '1', '1353566171617562626', '1354449298204446722');
INSERT INTO `mpoint` VALUES ('1354449337802870786', '84', '212', '1', '0', '1353566007351840770', '1354076928050487298');
INSERT INTO `mpoint` VALUES ('1354449338180358146', '36', '175', '1', '0', '1353237205321003010', '1354448013145206785');
INSERT INTO `mpoint` VALUES ('1354449338574622722', '99', '362', '5', '1', '1353566232539828225', '1354448005935198210');
INSERT INTO `mpoint` VALUES ('1354449338952110081', '145', '224', '-2', '1', '1353565909800718337', '1354076922723721217');
INSERT INTO `mpoint` VALUES ('1354449339342180353', '29', '35', '4', '0', '1353566007351840770', '1354076927601696770');
INSERT INTO `mpoint` VALUES ('1354449339723862017', '187', '363', '-3', '1', '1353566232539828225', '1354076925831700482');
INSERT INTO `mpoint` VALUES ('1354449340113932290', '48', '53', '1', '1', '1353566007351840770', '1354448555435106305');
INSERT INTO `mpoint` VALUES ('1354449340495613954', '61', '323', '-3', '0', '1353566171617562626', '1354076925387104258');
INSERT INTO `mpoint` VALUES ('1354449340877295617', '95', '206', '3', '0', '1353565909800718337', '1354448562003386370');
INSERT INTO `mpoint` VALUES ('1354449341263171586', '149', '193', '-2', '1', '1353237205321003010', '1354448558895407106');
INSERT INTO `mpoint` VALUES ('1354449341644853249', '97', '292', '5', '0', '1353566007351840770', '1354449292407918593');
INSERT INTO `mpoint` VALUES ('1354449342034923521', '54', '171', '-2', '0', '1353566232539828225', '1354076925831700482');
INSERT INTO `mpoint` VALUES ('1354449342420799489', '69', '81', '-3', '0', '1353566007351840770', '1354448558199152641');
INSERT INTO `mpoint` VALUES ('1354449342802481154', '40', '142', '4', '1', '1353566232539828225', '1354449302054817794');
INSERT INTO `mpoint` VALUES ('1354449343184162817', '51', '162', '-1', '0', '1353565909800718337', '1354448019906424834');
INSERT INTO `mpoint` VALUES ('1354449343570038786', '182', '257', '1', '1', '1353565909800718337', '1354448015263330305');
INSERT INTO `mpoint` VALUES ('1354449343955914753', '56', '109', '3', '0', '1353566171617562626', '1354449297046818817');
INSERT INTO `mpoint` VALUES ('1354449344345985025', '115', '380', '-3', '0', '1353566171617562626', '1354076934664904705');
INSERT INTO `mpoint` VALUES ('1354449344727666690', '29', '165', '-3', '1', '1353237205321003010', '1354076923621302274');
INSERT INTO `mpoint` VALUES ('1354449345113542657', '144', '230', '-1', '0', '1353237205321003010', '1354448557511286786');
INSERT INTO `mpoint` VALUES ('1354449345495224321', '36', '244', '-1', '0', '1353566007351840770', '1354076928050487298');
INSERT INTO `mpoint` VALUES ('1354449345885294594', '94', '178', '-1', '0', '1353566171617562626', '1354448554390724609');
INSERT INTO `mpoint` VALUES ('1354449346271170561', '64', '122', '-1', '0', '1353566007351840770', '1354448565098782721');
INSERT INTO `mpoint` VALUES ('1354449346648657922', '163', '347', '3', '0', '1353566232539828225', '1354076933339504642');
INSERT INTO `mpoint` VALUES ('1354449347034533890', '49', '261', '2', '0', '1353566171617562626', '1354448007214460930');
INSERT INTO `mpoint` VALUES ('1354449347424604161', '67', '302', '4', '0', '1353566007351840770', '1354449294731563010');
INSERT INTO `mpoint` VALUES ('1354449347810480130', '89', '133', '-2', '0', '1353566171617562626', '1354449292797988865');
INSERT INTO `mpoint` VALUES ('1354449348183773185', '39', '258', '-3', '0', '1353565909800718337', '1354448564071178242');
INSERT INTO `mpoint` VALUES ('1354449348569649154', '102', '292', '3', '1', '1353565909800718337', '1354449296660942850');
INSERT INTO `mpoint` VALUES ('1354449348955525121', '146', '242', '0', '1', '1353565909800718337', '1354448556475293697');
INSERT INTO `mpoint` VALUES ('1354449349341401090', '60', '214', '1', '1', '1353237205321003010', '1354449290465955842');
INSERT INTO `mpoint` VALUES ('1354449349723082754', '76', '227', '-2', '0', '1353566007351840770', '1354449291246096386');
INSERT INTO `mpoint` VALUES ('1354449350117347329', '198', '254', '1', '0', '1353566232539828225', '1354448005935198210');
INSERT INTO `mpoint` VALUES ('1354449350499028993', '127', '367', '-1', '0', '1353566171617562626', '1354448559583272961');
INSERT INTO `mpoint` VALUES ('1354449350884904961', '9', '89', '2', '1', '1353565909800718337', '1354448553354731521');
INSERT INTO `mpoint` VALUES ('1354449351266586626', '32', '295', '-1', '0', '1353566232539828225', '1354448556127166466');
INSERT INTO `mpoint` VALUES ('1354449351648268290', '117', '343', '4', '1', '1353237205321003010', '1354076932014104577');
INSERT INTO `mpoint` VALUES ('1354449352038338561', '4', '264', '3', '0', '1353237205321003010', '1354076924946702338');
INSERT INTO `mpoint` VALUES ('1354449352415825921', '105', '150', '3', '1', '1353566007351840770', '1354448554743046145');
INSERT INTO `mpoint` VALUES ('1354449352801701890', '41', '181', '-3', '0', '1353566007351840770', '1354076926267908097');
INSERT INTO `mpoint` VALUES ('1354449353191772162', '42', '182', '0', '0', '1353237205321003010', '1354448557511286786');
INSERT INTO `mpoint` VALUES ('1354449353581842434', '141', '318', '-2', '1', '1353565909800718337', '1354448016106385410');
INSERT INTO `mpoint` VALUES ('1354449353959329793', '72', '202', '-3', '1', '1353566232539828225', '1354449302054817794');
INSERT INTO `mpoint` VALUES ('1354449354349400066', '70', '77', '3', '1', '1353566171617562626', '1354448007214460930');
INSERT INTO `mpoint` VALUES ('1354449354735276033', '182', '265', '1', '1', '1353566171617562626', '1354076936858525697');
INSERT INTO `mpoint` VALUES ('1354449355121152002', '157', '342', '1', '1', '1353566007351840770', '1354448013568831489');
INSERT INTO `mpoint` VALUES ('1354449355502833665', '100', '201', '5', '0', '1353566232539828225', '1354449299743756290');
INSERT INTO `mpoint` VALUES ('1354449355888709634', '80', '162', '5', '1', '1353566007351840770', '1354449297428500482');
INSERT INTO `mpoint` VALUES ('1354449356278779905', '122', '347', '5', '0', '1353566232539828225', '1354076933339504642');
INSERT INTO `mpoint` VALUES ('1354449356660461569', '165', '313', '1', '1', '1353566232539828225', '1354076930248302593');
INSERT INTO `mpoint` VALUES ('1354449357042143233', '3', '50', '-3', '1', '1353566007351840770', '1354449302440693762');
INSERT INTO `mpoint` VALUES ('1354449357432213505', '69', '76', '-3', '1', '1353565909800718337', '1354076923176706050');
INSERT INTO `mpoint` VALUES ('1354449357813895169', '44', '280', '3', '1', '1353566007351840770', '1354448554743046145');
INSERT INTO `mpoint` VALUES ('1354449358199771138', '68', '340', '0', '0', '1353566232539828225', '1354449301283065857');
INSERT INTO `mpoint` VALUES ('1354449358589841409', '167', '302', '1', '1', '1353566171617562626', '1354449295113244674');
INSERT INTO `mpoint` VALUES ('1354449358967328769', '115', '377', '-2', '0', '1353565909800718337', '1354076924057509889');
INSERT INTO `mpoint` VALUES ('1354449359349010433', '193', '393', '1', '0', '1353565909800718337', '1354448015263330305');
INSERT INTO `mpoint` VALUES ('1354449359739080706', '190', '220', '-3', '0', '1353566007351840770', '1354448560279527425');
INSERT INTO `mpoint` VALUES ('1354449360116568066', '20', '288', '5', '0', '1353565909800718337', '1354448010184028162');
INSERT INTO `mpoint` VALUES ('1354449360506638337', '104', '359', '1', '1', '1353237205321003010', '1354448554046791682');
INSERT INTO `mpoint` VALUES ('1354449360892514305', '82', '209', '1', '0', '1353566007351840770', '1354076931129106433');
INSERT INTO `mpoint` VALUES ('1354449361278390273', '183', '383', '3', '0', '1353566232539828225', '1354448553698664450');
INSERT INTO `mpoint` VALUES ('1354449361664266242', '151', '383', '4', '1', '1353237205321003010', '1354448015682760705');
INSERT INTO `mpoint` VALUES ('1354449362050142210', '47', '300', '-2', '0', '1353566007351840770', '1354449291631972353');
INSERT INTO `mpoint` VALUES ('1354449362431823874', '33', '276', '1', '0', '1353237205321003010', '1354076924946702338');
INSERT INTO `mpoint` VALUES ('1354449362817699842', '56', '129', '5', '1', '1353237205321003010', '1354448558895407106');
INSERT INTO `mpoint` VALUES ('1354449363199381506', '160', '341', '1', '0', '1353566171617562626', '1354448006358822913');
INSERT INTO `mpoint` VALUES ('1354449363585257473', '171', '357', '-2', '0', '1353565909800718337', '1354448563035185154');
INSERT INTO `mpoint` VALUES ('1354449363966939137', '60', '72', '-1', '1', '1353565909800718337', '1354448553354731521');
INSERT INTO `mpoint` VALUES ('1354449364357009410', '167', '260', '-1', '1', '1353565909800718337', '1354449296660942850');
INSERT INTO `mpoint` VALUES ('1354449364742885378', '23', '173', '1', '0', '1353566007351840770', '1354448555435106305');
INSERT INTO `mpoint` VALUES ('1354449365120372737', '36', '137', '4', '0', '1353566007351840770', '1354448011031277569');
INSERT INTO `mpoint` VALUES ('1354449365506248706', '32', '307', '-2', '0', '1353566007351840770', '1354449295889190914');
INSERT INTO `mpoint` VALUES ('1354449365892124674', '154', '221', '1', '1', '1353566171617562626', '1354448010603458562');
INSERT INTO `mpoint` VALUES ('1354449366269612034', '160', '444', '-2', '1', '1353566232539828225', '1354449293179670530');
INSERT INTO `mpoint` VALUES ('1354449366659682306', '40', '247', '2', '0', '1353566007351840770', '1354449295889190914');
INSERT INTO `mpoint` VALUES ('1354449367045558273', '29', '86', '2', '1', '1353566171617562626', '1354448006786641921');
INSERT INTO `mpoint` VALUES ('1354449367427239938', '164', '437', '3', '1', '1353237205321003010', '1354076920945336322');
INSERT INTO `mpoint` VALUES ('1354449367813115905', '186', '445', '-3', '0', '1353237205321003010', '1354448009764597761');
INSERT INTO `mpoint` VALUES ('1354449368194797569', '58', '294', '-3', '0', '1353565909800718337', '1354076932899102721');
INSERT INTO `mpoint` VALUES ('1354449368580673538', '39', '185', '0', '0', '1353237205321003010', '1354448557511286786');
INSERT INTO `mpoint` VALUES ('1354449368970743809', '92', '240', '5', '0', '1353566171617562626', '1354449300129632257');
INSERT INTO `mpoint` VALUES ('1354449369348231169', '26', '167', '2', '0', '1353565909800718337', '1354448010184028162');
INSERT INTO `mpoint` VALUES ('1354449369734107138', '14', '62', '1', '0', '1353566232539828225', '1354076933339504642');
INSERT INTO `mpoint` VALUES ('1354449370119983105', '130', '134', '5', '1', '1353566007351840770', '1354449301673136130');
INSERT INTO `mpoint` VALUES ('1354449370505859073', '164', '170', '4', '1', '1353566171617562626', '1354448007214460930');
INSERT INTO `mpoint` VALUES ('1354449370887540738', '75', '175', '1', '0', '1353566007351840770', '1354076927601696770');
INSERT INTO `mpoint` VALUES ('1354449371273416706', '153', '199', '1', '1', '1353237205321003010', '1354448562691252225');
INSERT INTO `mpoint` VALUES ('1354449371659292674', '43', '53', '-2', '1', '1353566171617562626', '1354449304370073602');
INSERT INTO `mpoint` VALUES ('1354449372040974337', '197', '244', '0', '0', '1353566232539828225', '1354076937303121922');
INSERT INTO `mpoint` VALUES ('1354449372426850305', '17', '298', '0', '0', '1353566171617562626', '1354448018648133633');
INSERT INTO `mpoint` VALUES ('1354449372816920577', '196', '309', '1', '0', '1353566232539828225', '1354449303216640002');
INSERT INTO `mpoint` VALUES ('1354449373202796545', '117', '122', '-1', '0', '1353566007351840770', '1354448555435106305');
INSERT INTO `mpoint` VALUES ('1354449373588672514', '79', '304', '-1', '1', '1353566171617562626', '1354449300892995586');
INSERT INTO `mpoint` VALUES ('1354449373966159873', '135', '245', '0', '0', '1353565909800718337', '1354448010184028162');
INSERT INTO `mpoint` VALUES ('1354449374347841538', '80', '270', '2', '0', '1353566007351840770', '1354449298586128385');
INSERT INTO `mpoint` VALUES ('1354449374737911809', '96', '271', '0', '1', '1353565909800718337', '1354076924057509889');
INSERT INTO `mpoint` VALUES ('1354449375119593474', '134', '262', '4', '1', '1353566007351840770', '1354448011031277569');
INSERT INTO `mpoint` VALUES ('1354449375501275137', '31', '172', '3', '0', '1353237205321003010', '1354076920945336322');
INSERT INTO `mpoint` VALUES ('1354449375882956801', '90', '306', '4', '1', '1353566007351840770', '1354448013568831489');
INSERT INTO `mpoint` VALUES ('1354449376268832770', '153', '229', '3', '0', '1353566171617562626', '1354076930688704514');
INSERT INTO `mpoint` VALUES ('1354449376654708738', '148', '283', '1', '1', '1353565909800718337', '1354449298967810050');
INSERT INTO `mpoint` VALUES ('1354449377040584706', '153', '336', '-3', '1', '1353237205321003010', '1354449290465955842');
INSERT INTO `mpoint` VALUES ('1354449377422266369', '63', '68', '-3', '0', '1353566171617562626', '1354448006786641921');
INSERT INTO `mpoint` VALUES ('1354449377808142337', '152', '152', '5', '1', '1353237205321003010', '1354449297814376450');
INSERT INTO `mpoint` VALUES ('1354449378194018305', '28', '298', '3', '1', '1353566007351840770', '1354448011874332674');
INSERT INTO `mpoint` VALUES ('1354449378575699969', '49', '272', '0', '0', '1353566232539828225', '1354076932450312193');
INSERT INTO `mpoint` VALUES ('1354449378957381634', '71', '366', '-3', '1', '1353566232539828225', '1354448556127166466');
INSERT INTO `mpoint` VALUES ('1354449379343257602', '107', '144', '2', '0', '1353237205321003010', '1354448013145206785');
INSERT INTO `mpoint` VALUES ('1354449379724939265', '76', '190', '3', '0', '1353566007351840770', '1354449291631972353');
INSERT INTO `mpoint` VALUES ('1354449380110815233', '36', '329', '0', '1', '1353237205321003010', '1354076928486694913');
INSERT INTO `mpoint` VALUES ('1354449380500885506', '156', '289', '1', '0', '1353565909800718337', '1354448005079560194');
INSERT INTO `mpoint` VALUES ('1354449380882567169', '31', '321', '3', '1', '1353237205321003010', '1354448553006604289');
INSERT INTO `mpoint` VALUES ('1354449381264248833', '57', '230', '4', '0', '1353566232539828225', '1354076932450312193');
INSERT INTO `mpoint` VALUES ('1354449381645930497', '114', '170', '1', '0', '1353566007351840770', '1354448011031277569');
INSERT INTO `mpoint` VALUES ('1354449382027612162', '10', '158', '1', '0', '1353237205321003010', '1354076920945336322');
INSERT INTO `mpoint` VALUES ('1354449382413488130', '151', '268', '-3', '0', '1353566171617562626', '1354448010603458562');
INSERT INTO `mpoint` VALUES ('1354449382799364097', '189', '305', '5', '1', '1353566171617562626', '1354449290856026114');
INSERT INTO `mpoint` VALUES ('1354449383181045762', '196', '325', '4', '0', '1353566171617562626', '1354448018220314626');
INSERT INTO `mpoint` VALUES ('1354449383566921730', '16', '302', '3', '0', '1353565909800718337', '1354448562343124993');
INSERT INTO `mpoint` VALUES ('1354449383948603393', '17', '315', '5', '0', '1353566171617562626', '1354448559931400194');
INSERT INTO `mpoint` VALUES ('1354449384334479362', '43', '91', '5', '0', '1353566171617562626', '1354076936858525697');
INSERT INTO `mpoint` VALUES ('1354449384720355329', '22', '88', '-1', '1', '1353237205321003010', '1354076933784100865');
INSERT INTO `mpoint` VALUES ('1354449385106231298', '60', '66', '-1', '0', '1353565909800718337', '1354448005507379202');
INSERT INTO `mpoint` VALUES ('1354449385487912962', '110', '272', '1', '0', '1353566232539828225', '1354448005935198210');
INSERT INTO `mpoint` VALUES ('1354449385873788929', '143', '233', '-2', '0', '1353237205321003010', '1354076923621302274');
INSERT INTO `mpoint` VALUES ('1354449386259664897', '20', '80', '1', '1', '1353566171617562626', '1354448554390724609');
INSERT INTO `mpoint` VALUES ('1354449386641346562', '122', '301', '-1', '1', '1353237205321003010', '1354448009764597761');
INSERT INTO `mpoint` VALUES ('1354449387023028226', '25', '191', '3', '0', '1353566232539828225', '1354448016530010113');
INSERT INTO `mpoint` VALUES ('1354449387408904193', '82', '338', '-3', '1', '1353566171617562626', '1354448016949440513');
INSERT INTO `mpoint` VALUES ('1354449387790585857', '87', '117', '1', '0', '1353565909800718337', '1354448005079560194');
INSERT INTO `mpoint` VALUES ('1354449388168073217', '84', '298', '1', '1', '1353566171617562626', '1354448006786641921');
INSERT INTO `mpoint` VALUES ('1354449388558143489', '173', '387', '4', '1', '1353565909800718337', '1354076924057509889');
INSERT INTO `mpoint` VALUES ('1354449388939825154', '186', '324', '5', '1', '1353237205321003010', '1354449290465955842');
INSERT INTO `mpoint` VALUES ('1354449389321506818', '80', '344', '-2', '0', '1353566232539828225', '1354449293569740802');
INSERT INTO `mpoint` VALUES ('1354449389707382786', '113', '378', '1', '1', '1353566007351840770', '1354448563379118082');
INSERT INTO `mpoint` VALUES ('1354449390093258754', '162', '390', '1', '1', '1353565909800718337', '1354448563035185154');
INSERT INTO `mpoint` VALUES ('1354449390483329026', '93', '359', '0', '0', '1353237205321003010', '1354076927152906241');
INSERT INTO `mpoint` VALUES ('1354449390865010689', '10', '200', '1', '0', '1353566171617562626', '1354076935541514241');
INSERT INTO `mpoint` VALUES ('1354449391242498049', '1', '223', '3', '0', '1353566171617562626', '1354076934664904705');
INSERT INTO `mpoint` VALUES ('1354449391628374018', '152', '346', '0', '1', '1353565909800718337', '1354448564419305474');
INSERT INTO `mpoint` VALUES ('1354449392014249985', '126', '331', '1', '0', '1353566232539828225', '1354449302054817794');
INSERT INTO `mpoint` VALUES ('1354449392400125954', '11', '222', '1', '0', '1353566171617562626', '1354448561655259138');
INSERT INTO `mpoint` VALUES ('1354449392786001921', '181', '362', '2', '1', '1353566171617562626', '1354448012721582081');
INSERT INTO `mpoint` VALUES ('1354449393163489282', '49', '117', '4', '0', '1353566232539828225', '1354449299743756290');
INSERT INTO `mpoint` VALUES ('1354449393545170946', '68', '227', '4', '0', '1353237205321003010', '1354448561311326210');
INSERT INTO `mpoint` VALUES ('1354449393926852610', '171', '422', '0', '1', '1353565909800718337', '1354448015263330305');
INSERT INTO `mpoint` VALUES ('1354449394312728577', '18', '272', '3', '1', '1353237205321003010', '1354076929371693058');
INSERT INTO `mpoint` VALUES ('1354449394694410241', '186', '250', '-3', '0', '1353237205321003010', '1354076929371693058');
INSERT INTO `mpoint` VALUES ('1354449395080286210', '168', '192', '1', '1', '1353566232539828225', '1354449303216640002');
INSERT INTO `mpoint` VALUES ('1354449395466162177', '49', '311', '-2', '1', '1353566232539828225', '1354448566138970114');
INSERT INTO `mpoint` VALUES ('1354449395852038146', '22', '183', '2', '1', '1353565909800718337', '1354448016106385410');
INSERT INTO `mpoint` VALUES ('1354449396229525505', '161', '382', '4', '0', '1353237205321003010', '1354076929371693058');
INSERT INTO `mpoint` VALUES ('1354449396611207169', '6', '197', '0', '0', '1353566232539828225', '1354449293569740802');
INSERT INTO `mpoint` VALUES ('1354449396997083137', '51', '62', '2', '1', '1353565909800718337', '1354448007646474242');
INSERT INTO `mpoint` VALUES ('1354449397378764802', '72', '291', '3', '0', '1353566171617562626', '1354076935096918017');
INSERT INTO `mpoint` VALUES ('1354449397764640770', '22', '243', '0', '1', '1353566007351840770', '1354448566478708738');
INSERT INTO `mpoint` VALUES ('1354449398146322434', '114', '131', '3', '1', '1353565909800718337', '1354448015263330305');
INSERT INTO `mpoint` VALUES ('1354449398528004097', '30', '128', '3', '1', '1353237205321003010', '1354448013145206785');
INSERT INTO `mpoint` VALUES ('1354449398918074369', '35', '154', '4', '1', '1353565909800718337', '1354448562343124993');
INSERT INTO `mpoint` VALUES ('1354449399299756034', '12', '163', '0', '1', '1353566171617562626', '1354448016949440513');
INSERT INTO `mpoint` VALUES ('1354449399689826305', '115', '324', '0', '0', '1353565909800718337', '1354448563035185154');
INSERT INTO `mpoint` VALUES ('1354449400067313666', '104', '195', '3', '1', '1353566232539828225', '1354448005935198210');
INSERT INTO `mpoint` VALUES ('1354449400448995330', '114', '328', '-3', '1', '1353566171617562626', '1354449290856026114');
INSERT INTO `mpoint` VALUES ('1354449400834871297', '160', '451', '-1', '1', '1353566171617562626', '1354448016949440513');
INSERT INTO `mpoint` VALUES ('1354449401220747265', '50', '192', '5', '0', '1353566171617562626', '1354448018220314626');
INSERT INTO `mpoint` VALUES ('1354449401606623234', '68', '338', '3', '1', '1353237205321003010', '1354076927152906241');
INSERT INTO `mpoint` VALUES ('1354449401984110593', '3', '178', '4', '0', '1353566007351840770', '1354449301673136130');
INSERT INTO `mpoint` VALUES ('1354449402374180866', '72', '341', '2', '0', '1353565909800718337', '1354076922723721217');
INSERT INTO `mpoint` VALUES ('1354449402755862529', '155', '446', '1', '0', '1353565909800718337', '1354448564419305474');
INSERT INTO `mpoint` VALUES ('1354449403137544193', '68', '141', '3', '0', '1353566007351840770', '1354448566478708738');
INSERT INTO `mpoint` VALUES ('1354449403523420161', '175', '395', '4', '0', '1353566007351840770', '1354448556819226625');
INSERT INTO `mpoint` VALUES ('1354449403909296129', '156', '342', '1', '0', '1353566171617562626', '1354076925387104258');
INSERT INTO `mpoint` VALUES ('1354449404295172097', '89', '385', '0', '0', '1353566171617562626', '1354448007214460930');
INSERT INTO `mpoint` VALUES ('1354449404672659457', '151', '400', '5', '1', '1353566171617562626', '1354449290856026114');
INSERT INTO `mpoint` VALUES ('1354449405058535426', '174', '422', '2', '0', '1353566007351840770', '1354076928050487298');
INSERT INTO `mpoint` VALUES ('1354449405440217089', '134', '166', '4', '0', '1353565909800718337', '1354448004232310786');
INSERT INTO `mpoint` VALUES ('1354449405826093058', '76', '183', '2', '0', '1353565909800718337', '1354449292022042626');
INSERT INTO `mpoint` VALUES ('1354449406207774722', '36', '278', '-2', '1', '1353237205321003010', '1354076929371693058');
INSERT INTO `mpoint` VALUES ('1354449406597844994', '62', '138', '-3', '1', '1353565909800718337', '1354076929812094978');
INSERT INTO `mpoint` VALUES ('1354449406983720962', '156', '286', '1', '0', '1353565909800718337', '1354448563035185154');
INSERT INTO `mpoint` VALUES ('1354449407369596930', '181', '278', '-2', '0', '1353565909800718337', '1354448007646474242');
INSERT INTO `mpoint` VALUES ('1354449407747084289', '99', '258', '0', '0', '1353566007351840770', '1354448555435106305');
INSERT INTO `mpoint` VALUES ('1354449408128765953', '76', '327', '1', '0', '1353566007351840770', '1354076931129106433');
INSERT INTO `mpoint` VALUES ('1354449408518836225', '19', '144', '4', '1', '1353566232539828225', '1354076925831700482');
INSERT INTO `mpoint` VALUES ('1354449408900517890', '111', '261', '1', '1', '1353565909800718337', '1354076922283319298');
INSERT INTO `mpoint` VALUES ('1354449409282199553', '2', '14', '-2', '0', '1353565909800718337', '1354448015263330305');
INSERT INTO `mpoint` VALUES ('1354449409663881217', '0', '263', '-3', '0', '1353566232539828225', '1354449302826569729');
INSERT INTO `mpoint` VALUES ('1354449410049757186', '157', '331', '1', '0', '1353566007351840770', '1354448555435106305');
INSERT INTO `mpoint` VALUES ('1354449410435633153', '94', '139', '3', '1', '1353565909800718337', '1354449296660942850');
INSERT INTO `mpoint` VALUES ('1354449410821509121', '172', '341', '0', '0', '1353565909800718337', '1354449298967810050');
INSERT INTO `mpoint` VALUES ('1354449411203190785', '91', '389', '5', '0', '1353565909800718337', '1354076929812094978');
INSERT INTO `mpoint` VALUES ('1354449411584872450', '59', '261', '5', '0', '1353566007351840770', '1354448017377259521');
INSERT INTO `mpoint` VALUES ('1354449411966554114', '18', '93', '-3', '0', '1353565909800718337', '1354448562343124993');
INSERT INTO `mpoint` VALUES ('1354449412352430082', '25', '209', '2', '1', '1353565909800718337', '1354076922723721217');
INSERT INTO `mpoint` VALUES ('1354449412734111746', '107', '204', '-1', '0', '1353566007351840770', '1354448017377259521');
INSERT INTO `mpoint` VALUES ('1354449413124182017', '1', '102', '3', '0', '1353566232539828225', '1354076928931291137');
INSERT INTO `mpoint` VALUES ('1354449413505863681', '52', '248', '-2', '1', '1353566232539828225', '1354076933339504642');
INSERT INTO `mpoint` VALUES ('1354449413887545346', '188', '215', '0', '1', '1353566171617562626', '1354448557163159554');
INSERT INTO `mpoint` VALUES ('1354449414281809922', '45', '182', '-3', '1', '1353566171617562626', '1354448006358822913');
INSERT INTO `mpoint` VALUES ('1354449414663491585', '112', '401', '1', '1', '1353565909800718337', '1354076929812094978');
INSERT INTO `mpoint` VALUES ('1354449415049367553', '102', '379', '1', '0', '1353565909800718337', '1354076923176706050');
INSERT INTO `mpoint` VALUES ('1354449415431049218', '199', '279', '0', '1', '1353566171617562626', '1354448557163159554');
INSERT INTO `mpoint` VALUES ('1354449415816925185', '112', '314', '1', '1', '1353566171617562626', '1354448006358822913');
INSERT INTO `mpoint` VALUES ('1354449416202801154', '94', '294', '3', '1', '1353566171617562626', '1354448561655259138');
INSERT INTO `mpoint` VALUES ('1354449416584482817', '6', '67', '5', '0', '1353566171617562626', '1354076935541514241');
INSERT INTO `mpoint` VALUES ('1354449416961970177', '31', '327', '4', '0', '1353566232539828225', '1354448004660129794');
INSERT INTO `mpoint` VALUES ('1354449417347846146', '87', '358', '0', '0', '1353566007351840770', '1354448560279527425');
INSERT INTO `mpoint` VALUES ('1354449417733722113', '86', '236', '-3', '0', '1353237205321003010', '1354076927152906241');
INSERT INTO `mpoint` VALUES ('1354449418119598082', '2', '225', '-2', '1', '1353566171617562626', '1354449303984197634');
INSERT INTO `mpoint` VALUES ('1354449418501279745', '181', '278', '0', '1', '1353237205321003010', '1354448019067564033');
INSERT INTO `mpoint` VALUES ('1354449418887155713', '157', '298', '0', '1', '1353237205321003010', '1354076936422318081');
INSERT INTO `mpoint` VALUES ('1354449419268837378', '29', '318', '0', '1', '1353237205321003010', '1354076936422318081');
INSERT INTO `mpoint` VALUES ('1354449419650519041', '155', '218', '0', '0', '1353237205321003010', '1354076932014104577');
INSERT INTO `mpoint` VALUES ('1354449420040589314', '66', '167', '-2', '1', '1353565909800718337', '1354448005079560194');
INSERT INTO `mpoint` VALUES ('1354449420422270978', '105', '294', '3', '1', '1353566232539828225', '1354448016530010113');
INSERT INTO `mpoint` VALUES ('1354449420803952642', '193', '333', '5', '1', '1353566007351840770', '1354448019486994433');
INSERT INTO `mpoint` VALUES ('1354449421185634305', '61', '336', '1', '1', '1353566232539828225', '1354449293569740802');
INSERT INTO `mpoint` VALUES ('1354449421571510274', '72', '85', '-1', '1', '1353237205321003010', '1354076929371693058');
INSERT INTO `mpoint` VALUES ('1354449421957386241', '43', '89', '5', '0', '1353566007351840770', '1354449291246096386');
INSERT INTO `mpoint` VALUES ('1354449422339067906', '34', '103', '0', '1', '1353566007351840770', '1354076926267908097');
INSERT INTO `mpoint` VALUES ('1354449422720749569', '28', '319', '4', '1', '1353566171617562626', '1354076934664904705');
INSERT INTO `mpoint` VALUES ('1354449423106625537', '38', '69', '5', '1', '1353565909800718337', '1354449298967810050');
INSERT INTO `mpoint` VALUES ('1354449423492501505', '148', '304', '-1', '0', '1353566007351840770', '1354076927601696770');
INSERT INTO `mpoint` VALUES ('1354449423878377473', '180', '347', '-2', '0', '1353566007351840770', '1354449295889190914');
INSERT INTO `mpoint` VALUES ('1354449424260059138', '151', '321', '2', '0', '1353566232539828225', '1354449293179670530');
INSERT INTO `mpoint` VALUES ('1354449424637546497', '19', '212', '-1', '0', '1353566171617562626', '1354448554390724609');
INSERT INTO `mpoint` VALUES ('1354449425023422466', '40', '188', '5', '0', '1353565909800718337', '1354448564419305474');
INSERT INTO `mpoint` VALUES ('1354449425409298433', '89', '179', '0', '1', '1353566007351840770', '1354448019486994433');
INSERT INTO `mpoint` VALUES ('1354449425790980098', '31', '253', '0', '0', '1353566232539828225', '1354448553698664450');
INSERT INTO `mpoint` VALUES ('1354449426172661761', '41', '285', '3', '0', '1353565909800718337', '1354448563035185154');
INSERT INTO `mpoint` VALUES ('1354449426550149121', '174', '284', '1', '0', '1353565909800718337', '1354448005507379202');
INSERT INTO `mpoint` VALUES ('1354449426931830786', '194', '248', '1', '1', '1353566007351840770', '1354448013568831489');
INSERT INTO `mpoint` VALUES ('1354449427321901058', '15', '115', '3', '1', '1353237205321003010', '1354076924946702338');
INSERT INTO `mpoint` VALUES ('1354449427703582722', '122', '381', '1', '1', '1353237205321003010', '1354076928486694913');
INSERT INTO `mpoint` VALUES ('1354449428089458690', '149', '235', '-1', '0', '1353566171617562626', '1354076930688704514');
INSERT INTO `mpoint` VALUES ('1354449428471140353', '70', '150', '1', '0', '1353566007351840770', '1354448019486994433');
INSERT INTO `mpoint` VALUES ('1354449428852822018', '188', '363', '-2', '0', '1353237205321003010', '1354448553006604289');
INSERT INTO `mpoint` VALUES ('1354449429238697986', '148', '390', '2', '0', '1353566232539828225', '1354448553698664450');
INSERT INTO `mpoint` VALUES ('1354449429624573953', '31', '307', '-1', '1', '1353237205321003010', '1354448013145206785');
INSERT INTO `mpoint` VALUES ('1354449430006255618', '160', '398', '5', '0', '1353566232539828225', '1354076937303121922');
INSERT INTO `mpoint` VALUES ('1354449430392131586', '5', '282', '2', '1', '1353566232539828225', '1354449293955616770');
INSERT INTO `mpoint` VALUES ('1354449430773813249', '144', '148', '1', '0', '1353566171617562626', '1354076925387104258');
INSERT INTO `mpoint` VALUES ('1354449431155494913', '80', '149', '2', '0', '1353566171617562626', '1354076935096918017');
INSERT INTO `mpoint` VALUES ('1354449431537176577', '124', '367', '1', '1', '1353566007351840770', '1354448555435106305');
INSERT INTO `mpoint` VALUES ('1354449431927246849', '139', '145', '5', '1', '1353237205321003010', '1354448009764597761');
INSERT INTO `mpoint` VALUES ('1354449432308928514', '125', '299', '-3', '0', '1353565909800718337', '1354448553354731521');
INSERT INTO `mpoint` VALUES ('1354449432694804482', '126', '363', '2', '0', '1353566171617562626', '1354449297046818817');
INSERT INTO `mpoint` VALUES ('1354449433076486146', '168', '324', '5', '0', '1353565909800718337', '1354448555086979073');
INSERT INTO `mpoint` VALUES ('1354449433462362113', '185', '474', '3', '0', '1353237205321003010', '1354448015682760705');
INSERT INTO `mpoint` VALUES ('1354449433844043777', '152', '338', '4', '0', '1353566232539828225', '1354449293179670530');
INSERT INTO `mpoint` VALUES ('1354449434225725442', '154', '154', '3', '1', '1353566171617562626', '1354448559931400194');
INSERT INTO `mpoint` VALUES ('1354449434615795714', '110', '216', '-1', '1', '1353566171617562626', '1354076930688704514');
INSERT INTO `mpoint` VALUES ('1354449435001671682', '123', '216', '1', '1', '1353566171617562626', '1354076935096918017');
INSERT INTO `mpoint` VALUES ('1354449435383353346', '54', '120', '1', '1', '1353565909800718337', '1354076932899102721');
INSERT INTO `mpoint` VALUES ('1354449435765035009', '12', '233', '1', '0', '1353566232539828225', '1354076933339504642');
INSERT INTO `mpoint` VALUES ('1354449436150910978', '119', '165', '-3', '1', '1353566007351840770', '1354448019486994433');
INSERT INTO `mpoint` VALUES ('1354449436528398338', '153', '159', '-1', '1', '1353565909800718337', '1354448564419305474');
INSERT INTO `mpoint` VALUES ('1354449436910080002', '158', '349', '1', '1', '1353565909800718337', '1354076932899102721');
INSERT INTO `mpoint` VALUES ('1354449437300150274', '161', '447', '1', '0', '1353566232539828225', '1354448556127166466');
INSERT INTO `mpoint` VALUES ('1354449437690220545', '32', '52', '1', '0', '1353566007351840770', '1354448564754849794');
INSERT INTO `mpoint` VALUES ('1354449438067707906', '148', '314', '0', '0', '1353565909800718337', '1354448019906424834');
INSERT INTO `mpoint` VALUES ('1354449438457778177', '58', '240', '0', '1', '1353566171617562626', '1354076921842917378');
INSERT INTO `mpoint` VALUES ('1354449438835265537', '39', '249', '3', '0', '1353237205321003010', '1354448009332584449');
INSERT INTO `mpoint` VALUES ('1354449439225335810', '119', '133', '5', '0', '1353237205321003010', '1354448558895407106');
INSERT INTO `mpoint` VALUES ('1354449439607017473', '150', '151', '-2', '1', '1353566007351840770', '1354449291246096386');
INSERT INTO `mpoint` VALUES ('1354449439992893441', '174', '181', '0', '1', '1353566171617562626', '1354448554390724609');
INSERT INTO `mpoint` VALUES ('1354449440374575106', '133', '423', '-2', '1', '1353237205321003010', '1354448565446909953');
INSERT INTO `mpoint` VALUES ('1354449440760451073', '125', '232', '3', '1', '1353566007351840770', '1354448565790842881');
INSERT INTO `mpoint` VALUES ('1354449441142132737', '181', '235', '-2', '1', '1353565909800718337', '1354076932899102721');
INSERT INTO `mpoint` VALUES ('1354449441523814401', '134', '383', '-2', '0', '1353566007351840770', '1354448566478708738');
INSERT INTO `mpoint` VALUES ('1354449441909690369', '135', '416', '1', '0', '1353566232539828225', '1354076931569508354');
INSERT INTO `mpoint` VALUES ('1354449442295566338', '13', '225', '-2', '1', '1353566171617562626', '1354448006358822913');
INSERT INTO `mpoint` VALUES ('1354449442677248001', '191', '211', '-1', '0', '1353566232539828225', '1354449299743756290');
INSERT INTO `mpoint` VALUES ('1354449443058929666', '187', '279', '3', '0', '1353237205321003010', '1354076928486694913');
INSERT INTO `mpoint` VALUES ('1354449443444805634', '14', '135', '-2', '0', '1353565909800718337', '1354448562343124993');
INSERT INTO `mpoint` VALUES ('1354449443826487298', '186', '485', '1', '0', '1353237205321003010', '1354448561311326210');
INSERT INTO `mpoint` VALUES ('1354449444212363265', '117', '311', '4', '0', '1353237205321003010', '1354076923621302274');
INSERT INTO `mpoint` VALUES ('1354449444598239234', '189', '193', '-2', '0', '1353565909800718337', '1354448005507379202');
INSERT INTO `mpoint` VALUES ('1354449444975726594', '11', '95', '-3', '1', '1353237205321003010', '1354076927152906241');
INSERT INTO `mpoint` VALUES ('1354449445357408258', '163', '194', '4', '1', '1353566171617562626', '1354448018648133633');
INSERT INTO `mpoint` VALUES ('1354449445747478530', '42', '154', '2', '1', '1353566232539828225', '1354449293569740802');
INSERT INTO `mpoint` VALUES ('1354449446133354498', '104', '188', '4', '1', '1353565909800718337', '1354448553354731521');
INSERT INTO `mpoint` VALUES ('1354449446510841858', '180', '297', '-3', '0', '1353566232539828225', '1354448008489529345');
INSERT INTO `mpoint` VALUES ('1354449446900912129', '113', '183', '3', '0', '1353566007351840770', '1354448565790842881');
INSERT INTO `mpoint` VALUES ('1354449447282593793', '196', '261', '5', '1', '1353566232539828225', '1354448005935198210');
INSERT INTO `mpoint` VALUES ('1354449447668469762', '194', '330', '5', '0', '1353565909800718337', '1354448553354731521');
INSERT INTO `mpoint` VALUES ('1354449448054345729', '83', '180', '1', '1', '1353566232539828225', '1354076933339504642');
INSERT INTO `mpoint` VALUES ('1354449448440221698', '85', '245', '-3', '0', '1353565909800718337', '1354449298967810050');
INSERT INTO `mpoint` VALUES ('1354449448821903361', '73', '336', '3', '1', '1353566007351840770', '1354449301673136130');
INSERT INTO `mpoint` VALUES ('1354449449203585026', '145', '161', '0', '1', '1353566007351840770', '1354449301673136130');
INSERT INTO `mpoint` VALUES ('1354449449589460993', '189', '456', '3', '0', '1353566007351840770', '1354449292407918593');
INSERT INTO `mpoint` VALUES ('1354449449975336962', '85', '266', '1', '1', '1353566232539828225', '1354448016530010113');
INSERT INTO `mpoint` VALUES ('1354449450357018626', '186', '429', '5', '1', '1353237205321003010', '1354448562691252225');
INSERT INTO `mpoint` VALUES ('1354449450742894593', '112', '264', '-2', '1', '1353237205321003010', '1354076932014104577');
INSERT INTO `mpoint` VALUES ('1354449451124576258', '55', '152', '5', '0', '1353566232539828225', '1354076937743523841');
INSERT INTO `mpoint` VALUES ('1354449451510452225', '95', '111', '1', '0', '1353566007351840770', '1354449291246096386');
INSERT INTO `mpoint` VALUES ('1354449451887939585', '114', '169', '3', '0', '1353566171617562626', '1354449292797988865');
INSERT INTO `mpoint` VALUES ('1354449452273815554', '130', '188', '-2', '1', '1353566171617562626', '1354448560967393282');
INSERT INTO `mpoint` VALUES ('1354449452659691521', '185', '197', '-1', '1', '1353237205321003010', '1354076924946702338');
INSERT INTO `mpoint` VALUES ('1354449453045567489', '3', '154', '-2', '0', '1353566171617562626', '1354448559583272961');
INSERT INTO `mpoint` VALUES ('1354449453423054850', '22', '36', '3', '0', '1353566171617562626', '1354076935541514241');
INSERT INTO `mpoint` VALUES ('1354449453808930818', '124', '328', '0', '0', '1353566171617562626', '1354076930688704514');
INSERT INTO `mpoint` VALUES ('1354449454194806785', '158', '375', '1', '1', '1353566171617562626', '1354449300129632257');
INSERT INTO `mpoint` VALUES ('1354449454576488449', '68', '217', '1', '1', '1353566232539828225', '1354076937743523841');
INSERT INTO `mpoint` VALUES ('1354449454958170113', '45', '301', '-1', '1', '1353565909800718337', '1354448005507379202');
INSERT INTO `mpoint` VALUES ('1354449455344046081', '158', '317', '5', '0', '1353566007351840770', '1354448013568831489');
INSERT INTO `mpoint` VALUES ('1354449455729922050', '145', '180', '3', '1', '1353565909800718337', '1354448016106385410');
INSERT INTO `mpoint` VALUES ('1354449456124186626', '62', '183', '3', '1', '1353566171617562626', '1354449300892995586');
INSERT INTO `mpoint` VALUES ('1354449456505868290', '104', '255', '-3', '1', '1353565909800718337', '1354448562343124993');
INSERT INTO `mpoint` VALUES ('1354449456887549954', '97', '299', '0', '0', '1353565909800718337', '1354448555783233538');
INSERT INTO `mpoint` VALUES ('1354449457273425921', '23', '166', '2', '1', '1353565909800718337', '1354448005079560194');
INSERT INTO `mpoint` VALUES ('1354449457663496194', '176', '272', '3', '1', '1353237205321003010', '1354076923621302274');
INSERT INTO `mpoint` VALUES ('1354449458049372161', '50', '54', '1', '1', '1353565909800718337', '1354076922283319298');
INSERT INTO `mpoint` VALUES ('1354449458431053826', '185', '286', '0', '0', '1353566171617562626', '1354076935096918017');
INSERT INTO `mpoint` VALUES ('1354449458821124097', '90', '251', '2', '0', '1353237205321003010', '1354448560623460353');

-- ----------------------------
-- Table structure for `mpoint_type`
-- ----------------------------
DROP TABLE IF EXISTS `mpoint_type`;
CREATE TABLE `mpoint_type` (
  `mpoint_type_id` bigint(20) unsigned zerofill NOT NULL AUTO_INCREMENT COMMENT '监测点类型编号',
  `mpoint_type` varchar(255) NOT NULL COMMENT '监测点类型',
  PRIMARY KEY (`mpoint_type_id`) USING BTREE
) ENGINE=InnoDB AUTO_INCREMENT=31 DEFAULT CHARSET=utf8mb4 ROW_FORMAT=DYNAMIC COMMENT='监测点类型';

-- ----------------------------
-- Records of mpoint_type
-- ----------------------------
INSERT INTO `mpoint_type` VALUES ('00000000000000000001', '监测点类型0');
INSERT INTO `mpoint_type` VALUES ('00000000000000000002', '监测点类型1');
INSERT INTO `mpoint_type` VALUES ('00000000000000000003', '监测点类型2');
INSERT INTO `mpoint_type` VALUES ('00000000000000000004', '监测点类型3');
INSERT INTO `mpoint_type` VALUES ('00000000000000000005', '监测点类型4');
INSERT INTO `mpoint_type` VALUES ('00000000000000000006', '监测点类型5');
INSERT INTO `mpoint_type` VALUES ('00000000000000000007', '监测点类型6');
INSERT INTO `mpoint_type` VALUES ('00000000000000000008', '监测点类型7');
INSERT INTO `mpoint_type` VALUES ('00000000000000000009', '监测点类型8');
INSERT INTO `mpoint_type` VALUES ('00000000000000000011', '监测点类型0');
INSERT INTO `mpoint_type` VALUES ('00000000000000000012', '监测点类型1');
INSERT INTO `mpoint_type` VALUES ('00000000000000000013', '监测点类型2');
INSERT INTO `mpoint_type` VALUES ('00000000000000000014', '监测点类型3');
INSERT INTO `mpoint_type` VALUES ('00000000000000000015', '监测点类型4');
INSERT INTO `mpoint_type` VALUES ('00000000000000000016', '监测点类型5');
INSERT INTO `mpoint_type` VALUES ('00000000000000000017', '监测点类型6');
INSERT INTO `mpoint_type` VALUES ('00000000000000000018', '监测点类型7');
INSERT INTO `mpoint_type` VALUES ('00000000000000000019', '监测点类型8');
INSERT INTO `mpoint_type` VALUES ('00000000000000000020', '监测点类型9');
INSERT INTO `mpoint_type` VALUES ('00000000000000000021', '监测点类型0');
INSERT INTO `mpoint_type` VALUES ('00000000000000000022', '监测点类型1');
INSERT INTO `mpoint_type` VALUES ('00000000000000000023', '监测点类型2');
INSERT INTO `mpoint_type` VALUES ('00000000000000000024', '监测点类型3');
INSERT INTO `mpoint_type` VALUES ('00000000000000000025', '监测点类型4');
INSERT INTO `mpoint_type` VALUES ('00000000000000000026', '监测点类型5');
INSERT INTO `mpoint_type` VALUES ('00000000000000000027', '监测点类型6');
INSERT INTO `mpoint_type` VALUES ('00000000000000000028', '监测点类型7');
INSERT INTO `mpoint_type` VALUES ('00000000000000000029', '监测点类型8');
INSERT INTO `mpoint_type` VALUES ('00000000000000000030', '监测点类型9');

-- ----------------------------
-- Table structure for `project`
-- ----------------------------
DROP TABLE IF EXISTS `project`;
CREATE TABLE `project` (
  `project_id` bigint(20) NOT NULL COMMENT '项目编号',
  `project_name` varchar(50) NOT NULL COMMENT '项目名',
  `dept_id` bigint(20) NOT NULL COMMENT '所属单位',
  `project_status` varchar(50) DEFAULT NULL COMMENT '项目状态',
  `project_location` varchar(50) NOT NULL COMMENT '项目地址',
  `dept_name` varchar(50) CHARACTER SET utf8 NOT NULL,
  PRIMARY KEY (`project_id`) USING BTREE,
  UNIQUE KEY `project_name` (`project_name`) USING BTREE
) ENGINE=InnoDB DEFAULT CHARSET=utf8mb4 ROW_FORMAT=DYNAMIC;

-- ----------------------------
-- Records of project
-- ----------------------------
INSERT INTO `project` VALUES ('1353237205321003010', '项目1', '7', '进行中', '山西晋城', '铁路总局');
INSERT INTO `project` VALUES ('1353565909800718337', '项目2', '1', '进行中', '河北唐山', '铁路集团');
INSERT INTO `project` VALUES ('1353566007351840770', '项目3', '2', '暂停', '直辖市北京', '北京铁路局');
INSERT INTO `project` VALUES ('1353566171617562626', '项目4', '3', '进行中', '直辖市上海', '上海铁路局');
INSERT INTO `project` VALUES ('1353566232539828225', '项目5', '4', '进行中', '直辖市上海', '上海铁路局技术部');
